value,daily_change,volatility_7d,cluster
30,-6.0,18.726095873584185,0
44,14.0,18.050194564312147,0
54,10.0,15.92691642053372,0
31,-23.0,17.397317800933184,0
42,11.0,16.52127056107916,0
35,-7.0,16.886173549471092,0
55,20.0,15.162610655977483,0
71,16.0,15.334368495078536,0
67,-4.0,15.250292737237162,0
74,7.0,15.071259308460494,0
63,-11.0,12.011898862615945,0
67,4.0,11.674147261608201,0
74,7.0,10.721584815333083,0
54,-20.0,12.294017127971522,0
44,-10.0,10.38313651116674,0
39,-5.0,10.392304845413262,0
31,-8.0,9.227288721117223,0
33,2.0,9.393513466115605,0
37,4.0,9.393513466115605,0
44,7.0,9.393513466115605,0
41,-3.0,6.362090102803516,2
38,-3.0,5.336308693862308,2
47,9.0,6.094494002200438,1
56,9.0,5.159365040297844,1
44,-12.0,7.870983480631942,2
55,11.0,8.638231741453085,1
59,4.0,8.454359258760563,1
37,-22.0,12.474736374731435,0
39,2.0,12.455635557564179,0
37,-2.0,11.830147123023488,0
39,2.0,11.073348527841414,0
40,1.0,10.260882724488877,0
41,1.0,9.0,0
41,0.0,8.67673407946298,0
40,-1.0,1.511857892036905,2
32,-8.0,3.366501646120692,2
33,1.0,3.408672412985386,2
31,-2.0,3.2366943748507477,2
29,-2.0,3.1014589500826246,2
29,0.0,2.984084768360628,2
37,8.0,4.755948656056709,2
36,-1.0,4.755948656056709,2
36,0.0,3.4572215654165035,2
28,-8.0,4.7157284949512555,2
32,4.0,4.9809159608975335,2
30,-2.0,4.9809159608975335,2
31,1.0,4.990467102863407,2
24,-7.0,4.298393941484479,2
24,0.0,4.347960660443227,2
18,-6.0,4.540820148282424,2
12,-6.0,4.191828786034631,2
16,4.0,4.191828786034631,2
16,0.0,4.281744192888376,2
11,-5.0,4.180453381654971,2
22,11.0,6.237368187365717,2
22,0.0,6.237368187365717,2
17,-5.0,6.09449400220044,2
19,2.0,5.537749241945382,2
20,1.0,5.380741673076392,2
17,-3.0,5.550632739564364,2
21,4.0,5.191568255583368,2
18,-3.0,3.2071349029490905,2
20,2.0,3.352326839390101,2
18,-2.0,2.794552524023085,2
23,5.0,3.309438162646484,2
26,3.0,3.4364987719368956,2
24,-2.0,3.2659863237109015,2
25,1.0,2.99205296617238,2
26,1.0,2.5448360411214033,2
32,6.0,3.1471831698777697,2
31,-1.0,2.968084198523315,2
28,-3.0,3.093772546815385,2
29,1.0,2.9358214555806352,2
64,35.0,13.199927849730663,0
47,-17.0,15.773697214335126,0
55,8.0,15.83696700159231,0
54,-1.0,15.920935603041373,0
61,7.0,15.861003391066673,0
59,-2.0,15.788784446109657,0
56,-3.0,16.00446366308028,0
52,-4.0,8.280786712108245,0
55,3.0,4.879500364742657,1
56,1.0,3.8483144114694836,1
63,7.0,4.572172558506712,1
67,4.0,4.059087394500195,1
56,-11.0,6.051367417290701,1
62,6.0,6.362090102803511,1
53,-9.0,7.221001117771486,1
63,10.0,8.112306935115543,1
41,-22.0,11.93633907344251,0
44,3.0,11.513966674062786,0
40,-4.0,11.126972805283732,0
40,0.0,10.719363875937873,0
40,0.0,10.172324733127152,0
32,-8.0,10.08298897483611,0
31,-1.0,8.443086774735539,2
37,6.0,4.54082014828241,2
31,-6.0,4.634241089562599,2
32,1.0,4.634241089562599,2
41,9.0,6.03955217513603,2
30,-11.0,7.367883976130064,2
26,-4.0,6.914443130833002,2
27,1.0,6.948792289723024,2
25,-2.0,6.317021600783218,2
23,-2.0,6.03955217513603,2
19,-4.0,6.03955217513603,2
22,3.0,4.461475305855876,2
16,-6.0,3.109126351029584,2
38,22.0,9.428932172031027,0
25,-13.0,10.965313275875666,0
24,-1.0,10.945753688509699,0
27,3.0,10.9674844100967,0
40,13.0,11.647603473104093,0
41,1.0,11.672107574816774,0
26,-15.0,13.189100839419678,0
42,16.0,11.745313148332013,0
38,-4.0,10.431180365113226,0
40,2.0,10.355582805332356,0
39,-1.0,10.419761445034549,0
24,-15.0,10.734900802433861,0
15,-9.0,10.889050857233999,0
19,4.0,9.933109617167554,0
19,0.0,6.676183683170234,2
17,-2.0,6.683312551921134,2
26,9.0,7.958224257542208,2
22,-4.0,7.976154939508605,2
23,1.0,5.756983337031387,2
27,4.0,4.347960660443215,2
32,5.0,4.450789122113483,2
34,2.0,4.375255094603861,2
37,3.0,3.9761191895520063,2
28,-9.0,5.023753102820155,2
17,-11.0,6.499084184567479,2
15,-2.0,6.466028441750292,2
16,1.0,6.1605503773916865,2
21,5.0,6.1605503773916865,2
18,-3.0,5.964178784328022,2
20,2.0,5.826867164470189,2
16,-4.0,5.154748157905338,2
22,6.0,3.9036002917941186,2
27,5.0,3.9880774697542916,2
27,0.0,4.035556254807282,2
31,4.0,3.9096949095439886,2
33,2.0,3.3876526498728237,2
37,4.0,3.4572215654164893,2
34,-3.0,3.154739442867008,2
34,0.0,2.870208222079912,2
38,4.0,2.6992062325272923,2
39,1.0,2.6276913640611976,2
37,-2.0,2.7342623276105704,2
29,-8.0,4.237025012007937,2
33,4.0,4.237025012007937,2
29,-4.0,4.347960660443217,2
29,0.0,4.347960660443217,2
32,3.0,4.180453381654959,2
36,4.0,4.540820148282414,2
39,3.0,4.64450520200252,2
42,3.0,2.911389784310986,2
44,2.0,2.760262237369398,2
47,3.0,1.2724180205606606,2
43,-4.0,2.7080128015453004,2
46,3.0,2.7080128015453004,2
44,-2.0,2.9113897843109866,2
49,5.0,3.2071349029490768,1
54,5.0,3.450327796711756,1
53,-1.0,3.5923198500080424,1
47,-6.0,4.3969686527576295,2
54,7.0,4.685336802448768,1
54,0.0,4.670066788550642,1
53,-1.0,4.572172558506711,1
48,-5.0,4.775931721614508,2
39,-9.0,5.1777914026661715,2
39,0.0,5.228129047119365,2
36,-3.0,4.9617585208318555,2
31,-5.0,3.302235894778237,2
23,-8.0,3.359421718944231,2
25,2.0,3.9999999999999902,2
25,0.0,4.231401884099621,2
23,-2.0,3.4016802570830325,2
19,-4.0,3.287784027201867,2
21,2.0,3.760699023168041,2
18,-3.0,3.5790395093549505,2
18,0.0,2.36038737740831,2
21,3.0,2.5727509827123822,2
16,-5.0,3.0394235042348328,2
18,2.0,3.2513733362117123,2
21,3.0,3.1471831698777573,2
19,-2.0,3.1471831698777577,2
24,5.0,3.436498771936884,2
27,3.0,3.498298906339356,2
26,-1.0,3.498298906339357,2
19,-7.0,4.0766466144427485,2
21,2.0,4.0766466144427485,2
18,-3.0,4.076646614442749,2
19,1.0,4.041451884327369,2
22,3.0,3.6839419880650235,2
19,-3.0,3.4846602621858356,2
18,-1.0,3.4846602621858356,2
19,1.0,2.3804761428475967,2
19,0.0,2.214669705568262,2
22,3.0,2.1491969707422167,2
17,-5.0,2.984084768360613,2
21,4.0,3.1847852585154075,2
18,-3.0,3.1847852585154075,2
19,1.0,3.1847852585154075,2
26,7.0,4.123105625617648,2
17,-9.0,5.618845839799174,2
14,-3.0,5.49025110016446,2
17,3.0,5.385164807134495,2
18,1.0,5.1269595556932375,2
13,-5.0,5.3452248382484795,2
15,2.0,5.411627692821652,2
18,3.0,4.634241089562604,2
14,-4.0,3.457221565416493,2
20,6.0,3.976119189552008,2
23,3.0,3.976119189552008,2
24,1.0,3.976119189552008,2
28,4.0,3.1320159337914784,2
25,-3.0,3.6903993847614274,2
21,-4.0,4.117326918327091,2
24,3.0,3.6903993847614274,2
24,0.0,3.10145895008261,2
31,7.0,3.891382420536055,2
35,4.0,4.035556254807283,2
38,3.0,3.9520940802374027,2
43,5.0,3.5989416433697348,2
37,-6.0,4.231401884099618,2
37,0.0,4.298393941484468,2
42,5.0,4.353433237386425,2
42,0.0,3.9520940802374027,2
37,-5.0,4.461475305855879,2
34,-3.0,4.4293394111365565,2
35,1.0,3.8047589248453573,2
33,-2.0,3.20713490294908,2
36,3.0,3.484660262185836,2
29,-7.0,3.4846602621858374,2
37,8.0,5.122313465427038,2
34,-3.0,4.8941169737125065,2
29,-5.0,5.122313465427038,2
26,-3.0,5.122313465427038,2
31,5.0,5.6188458397991745,2
28,-3.0,5.4902511001644605,2
19,-9.0,5.883795341363221,2
13,-6.0,4.314979445958874,2
15,2.0,4.785891965429416,2
18,3.0,5.0943479418254185,2
20,2.0,5.20988072251727,2
24,4.0,5.033222956847159,2
23,-1.0,4.956957592256413,2
26,3.0,3.464101615137742,2
24,-2.0,2.2253945610567265,2
21,-3.0,2.794552524023072,2
21,0.0,2.6367367999822937,2
27,6.0,3.366501646120679,2
24,-3.0,3.36650164612068,2
23,-1.0,3.36650164612068,2
25,2.0,3.2366943748507353,2
29,4.0,3.450327796711758,2
33,4.0,3.1997023671109073,2
35,2.0,3.1091263510295897,2
34,-1.0,2.7080128015453035,2
31,-3.0,2.7080128015453035,2
32,1.0,2.5634797778466045,2
29,-3.0,2.9920529661723676,2
36,7.0,3.69684550213646,2
36,0.0,3.457221565416493,2
41,5.0,3.8483144114694845,2
42,1.0,3.7606990231680406,2
42,0.0,3.3594217189442284,2
48,6.0,3.728908942943205,1
51,3.0,2.911389784310987,1
47,-4.0,3.4086724129853736,2
52,5.0,3.54562104171166,1
54,2.0,3.3380918415851073,1
52,-2.0,3.644957377763723,1
56,4.0,3.6968455021364597,1
49,-7.0,4.525062483125553,2
28,-21.0,8.938946353165,2
23,-5.0,8.960229588895267,2
24,1.0,8.445906306213283,2
26,2.0,8.445906306213283,2
28,2.0,8.73416935293301,2
21,-7.0,8.144527815247075,2
15,-6.0,8.112306935115546,2
14,-1.0,3.9157800414902355,2
12,-2.0,3.690399384761432,2
15,3.0,3.988077469754297,2
9,-6.0,4.035556254807289,2
17,8.0,5.503245795502344,2
11,-6.0,5.34967733784455,2
14,3.0,5.145501965424792,2
18,4.0,5.349677337844549,2
19,1.0,5.228129047119365,2
13,-6.0,5.736267244886855,2
15,2.0,5.1777914026661715,2
17,2.0,4.2031734043061535,2
12,-5.0,3.976119189552009,2
19,7.0,4.680252333449748,2
13,-6.0,5.023753102820157,2
11,-2.0,4.980915960897527,2
11,0.0,4.498677054212177,2
14,3.0,4.598136268408871,2
19,5.0,4.956957592256411,2
15,-4.0,4.790864322059315,2
14,-1.0,3.8172540616821,2
14,0.0,3.023715784073803,2
10,-4.0,3.3380918415851077,2
11,1.0,3.3665016461206796,2
13,2.0,3.236694374850735,2
17,4.0,2.984084768360614,2
23,6.0,3.2877840272018646,2
21,-2.0,3.415650255319852,2
27,6.0,3.848314411469482,2
35,8.0,3.4572215654164884,2
28,-7.0,5.287001130355549,2
31,3.0,5.287001130355549,2
25,-6.0,6.121780008803844,2
33,8.0,6.425396041156856,2
26,-7.0,7.111359122659219,2
29,3.0,6.8243262357121015,2
21,-8.0,6.480740698407858,2
24,3.0,6.294366339755541,2
23,-1.0,6.094494002200436,2
26,3.0,5.843188953205011,2
24,-2.0,4.715728494951251,2
30,6.0,4.649628761422524,2
33,3.0,4.649628761422524,2
48,15.0,5.6103645582252835,1
36,-12.0,8.240434570140208,2
31,-5.0,8.591246929842242,2
39,8.0,8.9708522714506,0
39,0.0,8.858678822273127,0
42,3.0,8.71233389539002,0
37,-5.0,9.034326074425671,0
19,-18.0,8.85867882227313,2
22,3.0,8.445906306213283,2
21,-1.0,8.34380294704085,2
16,-5.0,7.273565968956484,2
27,11.0,9.068522219088136,0
24,-3.0,8.829064557040056,2
28,4.0,9.068522219088136,0
29,1.0,5.287001130355553,2
31,2.0,5.250850271282596,2
35,4.0,5.228129047119368,2
30,-5.0,5.228129047119368,2
27,-3.0,3.651483716701102,2
33,6.0,3.9880774697542987,2
37,4.0,3.9880774697542987,2
35,-2.0,4.1804533816549645,2
41,6.0,4.613644360558606,2
39,-2.0,4.613644360558607,2
35,-4.0,4.423960733486287,2
21,-14.0,7.104659772022194,2
22,1.0,6.528326555791123,2
17,-5.0,6.121780008803849,2
23,6.0,6.993193970194297,2
22,-1.0,6.156684327197707,2
19,-3.0,6.14894493466349,2
27,8.0,7.3354975161555185,2
21,-6.0,5.354126134736333,2
14,-7.0,5.92814112035612,2
18,4.0,5.928141120356119,2
37,19.0,9.20144916122817,0
42,5.0,9.154754164341266,0
40,-2.0,9.055385138137412,0
46,6.0,8.901578244226984,0
38,-8.0,9.253056123197759,0
48,10.0,8.571825387640045,0
48,0.0,8.769536014223434,0
43,-5.0,6.440201120787335,2
43,0.0,6.175990377490651,2
38,-5.0,6.447590912226716,2
63,25.0,11.530497862294624,0
65,2.0,10.60547926668995,0
59,-6.0,10.78358540958035,0
59,0.0,10.78358540958035,0
61,2.0,10.390013520317522,0
63,2.0,10.334869317486493,0
69,6.0,9.761440174775144,1
47,-22.0,9.4112394811432,0
40,-7.0,9.342682392424258,0
39,-1.0,9.317162862670362,0
39,0.0,9.317162862670362,0
42,3.0,9.4112394811432,0
41,-1.0,9.227288721117223,0
44,3.0,8.791229395580249,0
36,-8.0,4.391550328268394,2
35,-1.0,3.68394198806503,2
42,7.0,4.685336802448774,2
56,14.0,6.924765768773763,1
54,-2.0,7.11135912265922,1
55,1.0,7.023769168568488,1
55,0.0,7.044078904941905,1
56,1.0,5.698788509515896,1
56,0.0,5.597618541248882,1
54,-2.0,5.559205150447485,1
55,1.0,1.3451854182690826,1
55,0.0,1.0690449676496763,1
54,-1.0,1.0690449676496774,1
58,4.0,1.902379462422671,1
56,-2.0,2.0816659994661224,1
56,0.0,2.0816659994661224,1
55,-1.0,1.9518001458970549,1
62,7.0,3.2659863237108957,1
56,-6.0,4.220133150686571,1
50,-6.0,4.825527358301293,2
44,-6.0,4.725815626252606,2
46,2.0,4.961758520831863,2
43,-3.0,4.947341758580102,2
44,1.0,5.061526214398933,2
49,5.0,4.52506248312556,1
50,1.0,4.220133150686572,1
57,7.0,4.434711565216684,1
56,-1.0,3.4016802570830365,1
62,6.0,3.7733400639347594,1
60,-2.0,3.552329886011089,1
71,11.0,4.705619740571593,1
61,-10.0,6.9693205243716925,1
59,-2.0,7.111359122659221,1
65,6.0,6.986381310057715,1
69,4.0,6.986381310057714,1
65,-4.0,7.020378500174634,1
64,-1.0,6.972736021035615,1
62,-2.0,5.250850271282601,1
65,3.0,3.735288603626354,1
42,-23.0,9.744351233016026,0
62,20.0,12.739141034061687,0
51,-11.0,13.125765283811619,0
60,9.0,13.792682670100668,0
50,-10.0,14.23610433604175,0
61,11.0,15.060196672338773,0
64,3.0,15.060196672338773,0
61,-3.0,11.470458952083328,0
62,1.0,8.582928793055823,1
62,0.0,7.114706432386906,1
61,-1.0,6.3358391032961965,1
68,7.0,4.894116973712514,1
65,-3.0,3.552329886011098,1
58,-7.0,4.336994790119516,1
41,-17.0,7.537209285241047,2
42,1.0,7.537209285241047,2
40,-2.0,7.448234050846584,2
42,2.0,7.674943772091229,2
42,0.0,6.575568054403764,2
51,9.0,8.164965809277263,1
50,-1.0,7.861903319777205,1
63,13.0,5.639993245521113,1
66,3.0,5.563486402641865,1
67,1.0,5.177791402666176,1
57,-10.0,7.403345447128871,1
69,12.0,8.173709305420871,1
63,-6.0,8.557925872435167,1
69,6.0,8.596787882968956,1
71,2.0,7.3127416524987705,1
76,5.0,7.435436388384629,1
75,-1.0,7.492853738253344,1
78,3.0,5.656854249492376,1
78,0.0,4.070801956792856,1
77,-1.0,2.828427124746184,1
75,-2.0,2.544836041121403,1
65,-10.0,4.740906081772816,1
67,2.0,4.231401884099631,1
70,3.0,4.535573676110726,1
73,3.0,4.535573676110726,1
68,-5.0,4.790864322059325,1
69,1.0,4.879500364742666,1
65,-4.0,4.995235825502231,1
64,-1.0,3.2877840272018775,1
69,5.0,3.7733400639347656,1
67,-2.0,3.644957377763734,1
70,3.0,3.644957377763734,1
71,1.0,3.0472470011002173,1
71,0.0,3.0394235042348443,1
73,2.0,2.4102953780654732,1
61,-12.0,5.563486402641868,1
62,1.0,5.0990195135927845,1
63,1.0,5.1269595556932455,1
66,3.0,5.1269595556932455,1
42,-24.0,10.123052428797871,0
27,-15.0,10.672617387724623,0
34,7.0,11.457997830586038,0
27,-7.0,11.141941354308825,0
62,35.0,18.859126879754182,0
62,0.0,18.854076229722594,0
46,-16.0,19.675946156229873,0
61,15.0,18.154102251872125,0
60,-1.0,16.580252166501023,0
63,3.0,16.557259952747533,0
67,4.0,15.829448144879484,0
75,8.0,9.546876826630642,1
80,5.0,9.571783930858846,1
84,4.0,4.995235825502229,1
83,-1.0,3.2366943748507486,1
82,-1.0,3.2366943748507486,1
81,-1.0,3.5989416433697508,1
84,3.0,3.5523298860110994,1
83,-1.0,2.734262327610593,1
84,1.0,2.149196970742246,1
80,-4.0,2.1491969707422482,1
87,7.0,3.5523298860111017,1
95,8.0,4.413183712037206,1
92,-3.0,4.685336802448782,1
62,-30.0,12.72043724914847,0
74,12.0,13.97276262011544,0
78,4.0,14.09998311380279,0
65,-13.0,14.825974632702021,0
63,-2.0,14.281189759693726,0
79,16.0,15.606775085565516,0
76,-3.0,15.606775085565516,0
67,-9.0,10.60996835864408,0
72,5.0,9.655987533033336,1
67,-5.0,9.589180410878761,0
74,7.0,8.538428538364766,1
84,10.0,8.962886439832499,1
83,-1.0,6.924765768773766,1
62,-21.0,10.754843869934453,0
33,-29.0,14.814728835729344,0
65,32.0,20.305992547357377,0
61,-4.0,20.276657938202174,0
16,-45.0,25.714550263189423,0
34,18.0,26.81683905949501,0
19,-15.0,26.8044061765261,0
40,21.0,28.36328948616839,0
42,2.0,25.97251294294467,0
34,-8.0,22.217539189096698,0
42,8.0,22.7135369747814,0
42,0.0,13.073054803861327,0
40,-2.0,11.52430144562019,0
20,-20.0,12.759683530931463,0
42,22.0,13.034752084514754,0
24,-18.0,14.683972474063259,0
47,23.0,17.22816077849065,0
16,-31.0,20.838380341046065,0
19,3.0,20.958007902424676,0
22,3.0,21.093894399858478,0
31,9.0,19.915296824778874,0
57,26.0,20.64322787605797,0
61,4.0,18.643267647368805,0
61,0.0,16.95090951345482,0
62,1.0,9.034326074425664,1
64,2.0,9.10781976942785,1
66,2.0,9.178131358729567,1
45,-21.0,13.625955623979792,0
61,16.0,10.952277432222981,0
60,-1.0,10.854009572942328,0
59,-1.0,10.8583959176649,0
45,-14.0,11.984116472191328,0
48,3.0,12.051476890327388,0
45,-3.0,11.902380714238078,0
11,-34.0,15.614401167176528,0
13,2.0,13.208943579112994,0
31,18.0,16.22167861668012,0
20,-11.0,16.33867745419992,0
14,-6.0,15.92542142673303,0
30,16.0,17.60546451964221,0
39,9.0,18.133105740868654,0
11,-28.0,16.360521589077365,0
5,-6.0,16.47653454086114,0
33,28.0,18.696829372153676,0
39,6.0,18.080507788907966,0
33,-6.0,18.080507788907966,0
41,8.0,17.3383692318236,0
30,-11.0,17.55671083198943,0
32,2.0,13.025615788386602,0
20,-12.0,13.885586909076745,0
24,4.0,8.260635280539562,2
20,-4.0,7.6313888145012605,2
24,4.0,7.8467463684911,2
28,4.0,7.174690967295398,2
41,13.0,7.785823502947346,2
43,2.0,7.785823502947346,2
41,-2.0,5.446711546122697,2
43,2.0,5.4379618030497605,2
39,-4.0,5.4379618030497605,2
43,4.0,5.4379618030497605,2
41,-2.0,5.669467095138376,2
41,0.0,2.82842712474613,2
38,-3.0,2.870208222079873,2
39,1.0,2.870208222079872,2
38,-1.0,2.690370836538135,2
39,1.0,2.3094010767584288,2
38,-1.0,1.4960264830860794,2
38,0.0,1.397276262011423,2
41,3.0,1.914854215512587,2
38,-3.0,1.914854215512587,2
31,-7.0,3.1847852585153698,2
41,10.0,5.2870011303555255,2
37,-4.0,5.529143565818148,2
37,0.0,5.520524474738802,2
41,4.0,5.740416444159831,2
39,-2.0,5.677860093212486,2
15,-24.0,10.688222267435073,0
12,-3.0,10.562737740350663,0
24,12.0,10.982670331893209,0
32,8.0,11.614850920470808,0
33,1.0,11.6312387253342,0
27,-6.0,11.590225767142458,0
38,11.0,12.588732679511077,0
39,1.0,6.996597812678716,2
37,-2.0,6.852180744287222,2
30,-7.0,6.7188434378884585,2
31,1.0,5.956189257922397,2
32,1.0,5.956189257922397,2
27,-5.0,5.802298395176376,2
39,12.0,6.121780008803825,2
37,-2.0,6.1566843271976825,2
41,4.0,6.294366339755519,2
39,-2.0,5.529143565818148,2
38,-1.0,5.597618541248859,2
38,0.0,5.610364558225262,2
37,-1.0,5.094347941825393,2
39,2.0,2.2360679774997183,2
40,1.0,2.070196678026984,2
40,0.0,1.3451854182689802,2
40,0.0,1.0690449676495468,2
41,1.0,0.9759000729483664,2
37,-4.0,1.9518001458969847,2
37,0.0,1.9148542155125925,2
39,2.0,1.9148542155125925,2
33,-6.0,2.8867513459480754,2
20,-13.0,5.304984179322013,2
24,4.0,5.8513327745134225,2
53,29.0,13.300554947247937,0
50,-3.0,13.234154946306802,0
52,2.0,13.208943579112985,0
54,2.0,13.208943579112985,0
53,-1.0,12.824827112916186,0
50,-3.0,11.220729116450567,0
49,-1.0,11.399665826346867,0
51,2.0,2.288688541085247,1
56,5.0,2.6726124191241807,1
49,-7.0,3.9096949095439615,2
54,5.0,4.358898943540636,1
53,-1.0,4.358898943540636,1
54,1.0,4.157609203101459,1
42,-12.0,6.350852961085859,2
38,-4.0,6.283008075451613,2
39,1.0,5.71130874835596,2
40,1.0,5.437961803049767,2
39,-1.0,4.705619740571571,2
38,-1.0,4.705619740571571,2
41,3.0,4.980915960897505,2
38,-3.0,2.4397501823712693,2
41,3.0,2.2253945610566745,2
38,-3.0,2.544836041121345,2
38,0.0,2.4976179127510525,2
32,-6.0,3.316624790355354,2
32,0.0,3.3380918415850753,2
30,-2.0,2.8784916685156468,2
20,-10.0,4.3149794459588495,2
23,3.0,4.3149794459588495,2
21,-2.0,4.314979445958849,2
17,-4.0,4.203173404306131,2
21,4.0,4.685336802448748,2
20,-1.0,4.644505202002499,2
32,12.0,6.945365018348202,2
31,-1.0,5.380741673076363,2
38,7.0,5.756983337031366,2
25,-13.0,8.100558475750132,2
28,3.0,7.8709834806319225,2
28,0.0,7.810249675906633,2
24,-4.0,8.017837257372712,2
21,-3.0,6.267831705280064,2
29,8.0,7.250615737399705,2
32,3.0,6.718843437888462,2
28,-4.0,4.503966505838378,2
32,4.0,4.613644360558578,2
26,-6.0,5.250850271282573,2
20,-6.0,5.533448076836659,2
23,3.0,5.559205150447463,2
22,-1.0,4.396968652757606,2
27,5.0,4.750939756661651,2
21,-6.0,5.033222956847138,2
24,3.0,4.879500364742636,2
23,-1.0,4.391550328268366,2
15,-8.0,4.855041562276092,2
21,6.0,5.34522483824846,2
23,2.0,5.398412465054596,2
23,0.0,4.961758520831836,2
20,-3.0,4.525062483125529,2
33,13.0,6.725927091345469,2
25,-8.0,7.58758384279398,2
22,-3.0,6.879922480183408,2
39,17.0,9.107819769427842,0
38,-1.0,9.20920864187165,0
37,-1.0,9.255628917943197,0
37,0.0,9.052755434252083,0
40,3.0,7.810249675906634,2
38,-2.0,6.938505396903343,2
37,-1.0,6.743603671345919,2
39,2.0,1.8257418583504736,2
38,-1.0,1.8257418583504736,2
38,0.0,1.7728105208557534,2
39,1.0,1.799470821684792,2
41,2.0,1.5735915849387927,2
40,-1.0,1.3801311186846008,2
51,11.0,4.163331998932226,1
44,-7.0,5.376314900074362,2
41,-3.0,5.533448076836659,2
50,9.0,6.395683067879582,1
45,-5.0,6.890296835129106,2
49,4.0,6.986381310057696,1
56,7.0,7.227592630889963,1
54,-2.0,6.2144225491229115,1
55,1.0,5.287001130355527,1
54,-1.0,5.047394424471912,1
51,-3.0,4.180453381654933,1
53,2.0,3.532165125838563,1
48,-5.0,3.9339789623471773,2
49,1.0,2.516611478423526,1
52,3.0,2.8702082220798784,1
49,-3.0,2.968084198523269,2
40,-9.0,4.281744192888345,2
41,1.0,4.391550328268368,2
42,1.0,4.2761798705987575,2
50,8.0,5.250850271282572,1
54,4.0,5.437961803049766,1
57,3.0,5.437961803049766,1
57,0.0,5.209880722517246,1
55,-2.0,3.236694374850696,1
57,2.0,3.1997023671108695,1
57,0.0,3.2877840272018286,1
59,2.0,2.0586634591634727,1
56,-3.0,2.214669705568214,1
53,-3.0,2.149196970742172,1
61,8.0,3.9096949095439633,1
56,-5.0,4.375255094603838,1
56,0.0,4.298393941484445,1
56,0.0,4.298393941484445,1
57,1.0,4.231401884099596,1
52,-5.0,4.503966505838381,1
61,9.0,5.580578567035574,1
65,4.0,4.92805380304578,1
63,-2.0,4.472135954999544,1
64,1.0,4.450789122113458,1
59,-5.0,5.028490259085125,1
49,-10.0,6.362090102803496,2
53,4.0,6.362090102803494,1
50,-3.0,5.061526214398909,1
44,-6.0,4.618802153516979,2
44,0.0,4.750939756661656,2
43,-1.0,4.546060565661925,2
46,3.0,4.947341758580077,2
46,0.0,3.408672412985344,2
44,-2.0,2.811540841738143,2
41,-3.0,2.811540841738143,2
39,-2.0,1.9760470401186347,2
40,1.0,2.0701966780269925,2
38,-2.0,2.1380899352993277,2
39,1.0,1.6329931618553652,2
38,-1.0,1.573591584938797,2
38,0.0,1.5735915849387956,2
40,2.0,1.5735915849387918,2
41,1.0,1.3801311186845984,2
39,-2.0,1.5735915849387918,2
38,-1.0,1.4142135623729892,2
33,-5.0,2.2677868380553003,2
17,-16.0,6.1644140029689565,2
16,-1.0,6.09449400220042,2
17,1.0,5.964178784328009,2
14,-3.0,5.669467095138387,2
10,-4.0,5.610364558225271,2
8,-2.0,5.529143565818159,2
12,4.0,6.324555320336739,2
9,-3.0,2.794552524023037,2
8,-1.0,2.794552524023037,2
11,3.0,3.132015933791449,2
12,1.0,3.039423504234798,2
9,-3.0,2.8535691936339727,2
9,0.0,2.7342623276105336,2
11,2.0,2.340126166724815,2
10,-1.0,2.0354009783963547,2
12,2.0,2.070196678026987,2
13,1.0,1.7994708216847894,2
14,1.0,1.7994708216847894,2
12,-2.0,1.5118578920368066,2
8,-4.0,2.2677868380552972,2
12,4.0,2.672612419124187,2
10,-2.0,2.768874620972637,2
12,2.0,2.768874620972637,2
12,0.0,2.734262327610534,2
14,2.0,2.8284271247461366,2
14,0.0,2.6903708365381402,2
12,-2.0,2.225394561056677,2
12,0.0,1.6329931618553595,2
12,0.0,1.3801311186845973,2
20,8.0,3.236694374850699,2
21,1.0,3.1997023671108717,2
22,1.0,3.184785258515372,2
15,-7.0,4.45078912211346,2
15,0.0,4.353433237386402,2
10,-5.0,4.820590756130927,2
11,1.0,4.8452234702013675,2
15,4.0,3.860668582611258,2
18,3.0,4.0766466144427245,2
13,-5.0,4.347960660443196,2
15,2.0,3.6514837167010668,2
18,3.0,3.8234863173610694,2
16,-2.0,3.2366943748506998,2
15,-1.0,3.30943816264644,2
17,2.0,3.0394235042347972,2
19,2.0,2.9113897843109524,2
19,0.0,1.8644544714715245,2
20,1.0,1.7994708216847881,2
24,4.0,2.0354009783963525,2
21,-3.0,2.288688541085249,2
28,7.0,3.1320159337914424,2
26,-2.0,3.4503277967117247,2
26,0.0,3.464101615137709,2
44,18.0,7.230886134196412,1
40,-4.0,7.7551825989370995,2
40,0.0,7.804150299985358,2
45,5.0,7.480132415430932,2
44,-1.0,7.454624643228405,2
40,-4.0,7.681145747868585,2
42,2.0,7.631388814501255,2
49,7.0,4.231401884099591,1
55,6.0,4.059087394500162,1
56,1.0,3.9880774697542605,1
48,-8.0,5.318431562567478,2
40,-8.0,6.2144225491229115,2
39,-1.0,6.039552175136013,2
41,2.0,6.039552175136013,2
40,-1.0,5.154748157905317,2
44,4.0,4.720774754816627,2
41,-3.0,4.598136268408848,2
40,-1.0,3.804758924845326,2
50,10.0,4.429339411136526,1
50,0.0,4.353433237386397,1
52,2.0,4.353433237386397,1
49,-3.0,4.608480795022899,2
42,-7.0,5.345224838248457,2
40,-2.0,5.273473599964589,2
43,3.0,5.380741673076362,2
41,-2.0,3.352326839390056,2
39,-2.0,3.309438162646439,2
39,0.0,3.0237157840737665,2
41,2.0,3.287784027201831,2
48,7.0,3.3876526498727895,1
48,0.0,3.184785258515367,2
51,3.0,3.184785258515367,1
50,-1.0,3.0394235042347897,1
56,6.0,3.101458950082566,1
48,-8.0,5.02375310282013,2
54,6.0,5.336308693862277,1
53,-1.0,4.889249625940729,1
54,1.0,4.87950036474263,1
54,0.0,4.790864322059289,1
53,-1.0,4.790864322059289,1
52,-1.0,4.117326918327062,1
54,2.0,2.5448360411213384,1
52,-2.0,1.3801311186845875,1
38,-14.0,5.398412465054596,2
38,0.0,5.3139528825625595,2
40,2.0,5.507570547286074,2
37,-3.0,5.498917642417909,2
39,2.0,5.727959829601067,2
38,-1.0,5.498917642417909,2
40,2.0,5.736267244886833,2
39,-1.0,1.9518001458969776,2
38,-1.0,1.9999999999999138,2
37,-1.0,1.8126539343498382,2
38,1.0,1.4638501094226817,2
41,3.0,1.7043362064925913,2
50,9.0,3.592319850008005,1
43,-7.0,4.859943170351611,2
40,-3.0,5.014265364224035,2
43,3.0,5.08967208224278,2
40,-3.0,5.255382728122402,2
41,1.0,5.255382728122402,2
44,3.0,5.255382728122402,2
42,-2.0,3.6709931185157716,2
42,0.0,2.6095064302514124,2
41,-1.0,2.3401261667248057,2
40,-1.0,1.9880595947759254,2
38,-2.0,1.7994708216847808,2
40,2.0,1.9518001458969796,2
43,3.0,1.9518001458969796,2
44,1.0,1.7994708216847788,2
44,0.0,1.7994708216847788,2
41,-3.0,2.1602468994692074,2
44,3.0,2.3704530408863342,2
41,-3.0,2.572750982712332,2
43,2.0,2.572750982712332,2
43,0.0,2.309401076758429,2
44,1.0,2.309401076758429,2
43,-1.0,2.3401261667248066,2
41,-2.0,2.1602468994692074,2
44,3.0,2.1602468994692074,2
41,-3.0,2.1602468994692074,2
44,3.0,2.3401261667248057,2
44,0.0,2.3401261667248057,2
50,6.0,3.2366943748506936,1
55,5.0,3.4503277967117176,1
53,-2.0,3.4503277967117176,1
55,2.0,3.408672412985333,1
55,0.0,2.8867513459480643,1
58,3.0,2.8867513459480643,1
76,18.0,6.528326555791095,1
71,-5.0,7.393691004272919,1
76,5.0,7.393691004272919,1
75,-1.0,7.289914755527445,1
75,0.0,7.380798769522856,1
80,5.0,7.299706452023527,1
75,-5.0,7.997023255710877,1
72,-3.0,4.237025012007909,1
75,3.0,3.9096949095439584,1
79,4.0,3.7352886036263127,1
77,-2.0,3.817254061682066,1
77,0.0,3.817254061682066,1
79,2.0,3.3380918415850704,1
78,-1.0,2.636736799982245,1
84,6.0,2.8702082220798677,1
75,-9.0,4.86483983977544,1
75,0.0,4.540820148282388,1
78,3.0,4.670066788550616,1
79,1.0,4.6802523334497215,1
82,3.0,4.755948656056673,1
83,1.0,4.715728494951219,1
82,-1.0,4.111540089158996,1
80,-2.0,1.8898223650460437,1
75,-5.0,2.88675134594807,1
81,6.0,3.5523298860110493,1
78,-3.0,3.7606990231680073,1
76,-2.0,3.5321651258385627,1
78,2.0,3.6384193323605394,1
75,-3.0,3.7416573867738983,1
76,1.0,3.7796447300922287,1
75,-1.0,3.265986323710852,1
74,-1.0,1.9148542155125912,1
79,5.0,2.7342623276105265,1
75,-4.0,3.0783421635987995,1
75,0.0,2.9358214555805815,1
75,0.0,2.7080128015452574,1
83,8.0,4.082482904638587,1
79,-4.0,4.466808810815682,1
40,-39.0,15.688940599761889,0
41,1.0,15.339025858434233,0
41,0.0,15.47501827062541,0
41,0.0,15.47501827062541,0
41,0.0,15.47501827062541,0
38,-3.0,14.478226673838456,0
38,0.0,14.667748877822286,0
41,3.0,1.7728105208557565,2
41,0.0,1.7320508075687957,2
38,-3.0,2.0701966780269956,2
39,1.0,2.13808993529933,2
47,8.0,3.804758924845329,1
43,-4.0,3.988077469754269,2
48,5.0,4.276179870598755,1
49,1.0,4.220133150686541,1
48,-1.0,4.2817441928883415,2
52,4.0,3.9999999999999614,1
48,-4.0,4.6084807950229045,2
39,-9.0,4.947341758580077,2
43,4.0,5.099019513592757,2
39,-4.0,4.750939756661656,2
46,7.0,5.682051943243216,1
45,-1.0,5.682051943243216,2
47,2.0,5.468524655221154,2
43,-4.0,5.468524655221154,2
45,2.0,4.099941927579405,2
49,4.0,4.099941927579405,1
45,-4.0,4.099941927579405,2
41,-4.0,3.401680257083006,2
40,-1.0,3.401680257083006,2
42,2.0,3.401680257083006,2
42,0.0,3.07834216359881,2
47,5.0,3.592319850008018,1
43,-4.0,3.48466026218581,2
46,3.0,3.436498771936858,2
48,2.0,2.9439202887759004,1
53,5.0,3.1320159337914473,1
55,2.0,3.1320159337914473,1
52,-3.0,3.5989416433697086,1
56,4.0,3.4503277967117287,1
53,-3.0,3.207134902949047,1
56,3.0,3.207134902949047,1
52,-4.0,3.779644730092235,1
56,4.0,3.5989416433697103,1
55,-1.0,3.559026084010398,1
55,0.0,3.309438162646444,1
56,1.0,2.943920288775902,1
61,5.0,3.1320159337914486,1
73,12.0,5.1915682555833405,1
74,1.0,4.45078912211346,1
73,-1.0,4.685336802448747,1
76,3.0,4.434711565216656,1
75,-1.0,4.561745697594672,1
61,-14.0,7.889112449325016,1
70,9.0,8.38081709847524,1
67,-3.0,6.9863813100577,1
74,7.0,7.593857166596326,1
73,-1.0,7.593857166596326,1
72,-1.0,7.480132415430938,1
71,-1.0,7.480132415430938,1
71,0.0,4.613644360558581,1
74,3.0,3.3594217189442,1
72,-2.0,3.199702367110878,1
90,18.0,7.111359122659204,1
88,-2.0,7.197883286739478,1
82,-6.0,7.785823502947349,1
90,8.0,8.05634916725694,1
90,0.0,8.05634916725694,1
86,-4.0,8.440266301373136,1
87,1.0,8.295150620062515,1
89,2.0,4.561745697594676,1
90,1.0,4.498677054212156,1
86,-4.0,4.076646614442726,1
90,4.0,2.9999999999999547,1
86,-4.0,3.3594217189442026,1
91,5.0,3.545621041711634,1
94,3.0,3.6514837167010685,1
86,-8.0,4.928053803045785,1
91,5.0,5.336308693862285,1
94,3.0,5.0803074522634475,1
90,-4.0,5.228129047119348,1
88,-2.0,5.023753102820137,1
94,6.0,5.191568255583343,1
93,-1.0,5.080307452263449,1
86,-7.0,4.830458915396451,1
87,1.0,4.353433237386406,1
89,2.0,4.2314018840996,1
88,-1.0,3.988077469754272,1
95,7.0,4.725815626252579,1
92,-3.0,4.347960660443197,1
92,0.0,4.336994790119483,1
92,0.0,3.1320159337914504,1
93,1.0,3.1320159337914504,1
95,2.0,3.1320159337914504,1
94,-1.0,3.1320159337914504,1
95,1.0,1.6329931618553692,1
86,-9.0,3.7161167647859976,1
94,8.0,5.023753102820138,1
89,-5.0,5.411627692821636,1
90,1.0,5.411627692821636,1
91,1.0,5.349677337844532,1
95,4.0,5.6103645582252675,1
91,-4.0,5.79819347892491,1
92,1.0,4.450789122113462,1
92,0.0,3.1471831698777293,1
95,3.0,2.5448360411213513,1
93,-2.0,2.7602622373693664,1
92,-1.0,2.794552524023038,1
92,0.0,2.225394561056687,1
88,-4.0,2.225394561056687,1
93,5.0,3.0237157840737723,1
86,-7.0,4.059087394500175,1
94,8.0,5.145501965424773,1
93,-1.0,5.099019513592759,1
91,-2.0,5.145501965424773,1
92,1.0,5.163977794943197,1
91,-1.0,4.894116973712488,1
91,0.0,4.46147530585586,1
95,4.0,3.5456210417116334,1
94,-1.0,1.999999999999933,1
94,0.0,1.9518001458969974,1
93,-1.0,1.7994708216847994,1
94,1.0,1.7994708216847994,1
93,-1.0,1.7994708216847994,1
95,2.0,1.9023794624226116,1
91,-4.0,1.9023794624226154,1
93,2.0,2.115700942049753,1
93,0.0,2.115700942049753,1
94,1.0,2.115700942049752,1
90,-4.0,2.5727509827123494,1
84,-6.0,3.3022358947782107,1
78,-6.0,3.359421718944206,1
83,5.0,4.259443290250134,1
88,5.0,4.750939756661656,1
84,-4.0,4.889249625940739,1
79,-5.0,4.947341758580079,1
79,0.0,4.928053803045786,1
80,1.0,4.577377082170606,1
78,-2.0,3.9999999999999654,1
75,-3.0,3.4364987719368605,1
40,-35.0,12.588732679511082,0
74,34.0,20.02379536832068,0
70,-4.0,19.997618905878813,0
74,4.0,20.097381966434376,0
71,-3.0,20.097381966434376,0
78,7.0,20.330600909302536,0
55,-23.0,22.146697055682825,0
77,22.0,18.544669366283177,0
76,-1.0,13.561148989107142,0
78,2.0,13.434142714598138,0
77,-1.0,13.389761547007252,0
76,-1.0,13.32559299136171,0
78,2.0,13.063945294843608,0
80,2.0,8.263517065131166,1
81,1.0,1.5118578920368273,1
84,3.0,1.573591584938806,1
86,2.0,1.573591584938806,1
83,-3.0,2.1157009420497563,1
95,12.0,4.5355736761106975,1
92,-3.0,5.0332229568471405,1
93,1.0,5.047394424471919,1
92,-1.0,5.159365040297824,1
92,0.0,5.145501965424776,1
95,3.0,5.1869800370506205,1
93,-2.0,5.061526214398911,1
95,2.0,2.1602468994692328,1
95,0.0,1.7182493859683794,1
91,-4.0,2.3603873774082804,1
93,2.0,2.478478796128163,1
91,-2.0,2.609506430251433,1
91,0.0,2.2253945610566963,1
94,3.0,2.478478796128163,1
94,0.0,2.3401261667248296,1
76,-18.0,7.134757312253985,1
79,3.0,7.409774753982856,1
55,-24.0,10.921799956312793,0
56,1.0,11.135528725660036,0
55,-1.0,11.066896153673364,0
38,-17.0,11.195237082497771,0
78,40.0,21.46092795224448,0
78,0.0,20.311854385344247,0
84,6.0,20.410081542498265,0
77,-7.0,17.827213012962055,0
77,0.0,17.85123711866117,0
76,-1.0,17.85123711866117,0
81,5.0,15.528775133372783,0
81,0.0,4.276179870598764,1
68,-13.0,6.654751256486908,1
73,5.0,6.47706576718044,1
70,-3.0,6.0827625302982025,1
74,4.0,6.373307431706665,1
78,4.0,6.5755680544037425,1
76,-2.0,6.264031867582973,1
71,-5.0,6.4512826336355324,1
71,0.0,3.9520940802373863,1
72,1.0,3.4364987719368663,1
71,-1.0,3.236694374850714,1
75,4.0,3.236694374850714,1
73,-2.0,2.8115408417381547,1
70,-3.0,2.911389784310968,1
66,-4.0,2.6903708365381576,1
65,-1.0,2.672612419124204,1
60,-5.0,2.927700218845565,1
54,-6.0,3.3094381626464573,1
65,11.0,5.740416444159844,1
74,9.0,6.93850539690335,1
72,-2.0,6.8729975438737805,1
72,0.0,6.618876325292955,1
76,4.0,6.654751256486906,1
74,-2.0,6.244997998398379,1
74,0.0,5.304984179322016,1
73,-1.0,4.017817460121465,1
74,1.0,2.081665999466079,1
71,-3.0,2.267786838055314,1
75,4.0,2.7602622373693753,1
72,-3.0,2.5071326821119913,1
73,1.0,2.4784787961281656,1
70,-3.0,2.699206232527272,1
70,0.0,2.6992062325272714,1
76,6.0,3.6384193323605523,1
74,-2.0,3.5050983275386236,1
74,0.0,3.1320159337914593,1
75,1.0,2.878491668515658,1
79,4.0,3.1847852585153853,1
78,-1.0,2.853569193633984,1
76,-2.0,3.0783421635988164,1
79,3.0,2.3704530408863596,1
74,-5.0,3.0550504633038567,1
73,-1.0,3.078342163598818,1
73,0.0,3.039423504234811,1
65,-8.0,3.5590260840104087,1
55,-10.0,4.608480795022916,1
37,-18.0,7.1380936497345555,2
31,-6.0,6.067085281214008,2
27,-4.0,6.129553700835683,2
50,23.0,12.867456181057246,0
59,9.0,13.674794331177335,0
52,-7.0,13.606721028332172,0
51,-1.0,13.12576528381161,0
68,17.0,11.998015708957073,0
66,-2.0,11.50362261782492,0
61,-5.0,11.639423975274301,0
68,7.0,8.676734079462966,1
48,-20.0,11.544943234408478,0
65,17.0,13.120322295692926,0
64,-1.0,13.120322295692926,0
67,3.0,11.37876049823487,0
73,6.0,11.561430130683075,0
72,-1.0,11.311603818750935,0
61,-11.0,11.902380714238076,0
68,7.0,8.649249898663097,1
31,-37.0,15.388616695776253,0
26,-5.0,15.295501984321431,0
27,1.0,15.129598867939684,0
20,-7.0,14.222718245318445,0
27,7.0,15.131172490999528,0
21,-6.0,14.996825060817432,0
23,2.0,14.397420403867986,0
11,-12.0,6.4660284417502885,2
19,8.0,7.527726527090798,2
12,-7.0,7.776643908280121,2
14,2.0,7.581305327988731,2
10,-4.0,6.778818551368728,2
22,12.0,8.414839499926522,2
22,0.0,8.375133261199906,2
27,5.0,6.6511724709328535,2
21,-6.0,6.750661343263221,2
18,-3.0,6.175990377490639,2
10,-8.0,6.972736021035606,2
18,8.0,7.448234050846569,2
20,2.0,5.794085654478057,2
23,3.0,5.928141120356107,2
24,1.0,5.5634864026418525,2
27,3.0,5.080307452263458,2
24,-3.0,5.080307452263458,2
17,-7.0,4.7958315233127005,2
15,-2.0,3.735288603626336,2
13,-2.0,3.605551275463967,2
14,1.0,3.3022358947782253,2
21,7.0,4.540820148282406,2
21,0.0,4.29839394148446,2
28,7.0,5.061526214398918,2
23,-5.0,4.59813626840886,2
28,5.0,4.634241089562592,2
38,10.0,5.159365040297828,2
33,-5.0,6.074928962939542,2
26,-7.0,6.701101544131512,2
25,-1.0,6.729466121893631,2
23,-2.0,6.129553700835682,2
21,-2.0,5.879747322073323,2
23,2.0,5.529143565818165,2
10,-13.0,4.898979485566342,2
14,4.0,5.707138387268038,2
22,8.0,6.5791879655253895,2
27,5.0,6.8972044026133075,2
20,-7.0,7.412987316350999,2
22,2.0,7.425823667638289,2
25,3.0,7.476948702830703,2
25,0.0,4.740906081772796,2
28,3.0,4.690415759823409,2
28,0.0,3.8913824205360443,2
21,-7.0,4.375255094603854,2
24,3.0,3.598941643369725,2
27,3.0,3.683941988065012,2
29,2.0,3.598941643369725,2
20,-9.0,5.12231346542703,2
28,8.0,5.999999999999987,2
20,-8.0,6.718843437888473,2
20,0.0,6.202917900165237,2
20,0.0,6.051367417290695,2
20,0.0,5.859465277082302,2
25,5.0,6.214422549122924,2
20,-5.0,5.446711546122716,2
21,1.0,4.242640687119267,2
20,-1.0,2.9439202887759213,2
22,2.0,3.03942350423482,2
15,-7.0,4.111540089159018,2
19,4.0,4.488079449258556,2
24,5.0,4.488079449258556,2
19,-5.0,4.488079449258556,2
10,-9.0,5.533448076836672,2
21,11.0,7.312741652498761,2
23,2.0,7.312741652498761,2
22,-1.0,6.65832811847938,2
27,5.0,6.74360367134593,2
26,-1.0,6.550172662209885,2
32,6.0,6.388233230676822,2
50,18.0,6.8729975438737805,1
50,0.0,6.718843437888468,1
53,3.0,6.676183683170225,1
60,7.0,6.294366339755528,1
60,0.0,6.626066850308838,1
48,-12.0,9.063269671749646,0
48,0.0,9.031690238899271,0
42,-6.0,6.17599037749064,2
50,8.0,7.094598884597574,1
52,2.0,7.033931367037234,1
69,17.0,9.357960705807027,1
74,5.0,9.433981132056593,1
65,-9.0,8.734169352933,1
71,6.0,8.750510189207732,1
70,-1.0,8.041558721209865,1
70,0.0,7.946247991527631,1
70,0.0,8.017837257372717,1
76,6.0,5.354126134736317,1
71,-5.0,5.442338432975977,1
72,1.0,3.9157800414902164,1
72,0.0,3.2366943748507158,1
73,1.0,3.20713490294906,1
70,-3.0,3.4641016151377246,1
70,0.0,3.4641016151377246,1
78,8.0,4.070801956792833,1
76,-2.0,3.545621041711643,1
79,3.0,3.6514837167010783,1
79,0.0,3.6514837167010783,1
73,-6.0,4.509249752822871,1
75,2.0,4.347960660443203,1
71,-4.0,4.705619740571579,1
78,7.0,4.434711565216666,1
72,-6.0,4.961758520831844,1
73,1.0,4.775931721614496,1
73,0.0,4.775931721614496,1
71,-2.0,4.270608298368633,1
74,3.0,4.375255094603848,1
74,0.0,4.035556254807269,1
72,-2.0,2.8535691936339895,1
73,1.0,1.7728105208557774,1
79,6.0,2.8535691936339878,1
79,0.0,2.8535691936339878,1
47,-32.0,12.856349181852291,0
45,-2.0,12.575486358103888,0
46,1.0,12.63592761401657,0
31,-15.0,13.234154946306809,0
32,1.0,13.234154946306809,0
44,12.0,14.282856857085694,0
30,-14.0,14.445299120013628,0
49,19.0,12.459458063579453,0
53,4.0,12.482368517614098,0
48,-5.0,12.697956341006021,0
50,2.0,10.76590738882523,0
53,3.0,10.739335795724665,0
50,-3.0,10.123052428797862,0
27,-23.0,12.594405409508122,0
21,-6.0,9.273618495495695,2
27,6.0,9.586697132211997,0
33,6.0,10.221359521912449,0
28,-5.0,10.090070555230207,0
27,-1.0,9.793097666456804,0
26,-1.0,9.846440014156425,0
25,-1.0,4.750939756661663,2
24,-1.0,4.076646614442736,2
20,-4.0,3.5118845842842195,2
27,7.0,3.8483144114694707,2
54,27.0,10.812250547631686,0
49,-5.0,11.201615529743478,0
54,5.0,11.06044001535803,0
59,5.0,10.838643387259784,0
68,9.0,10.59424821486145,0
76,8.0,9.57427107756337,1
74,-2.0,10.307186582093827,0
72,-2.0,5.503245795502331,1
71,-1.0,4.740906081772795,1
71,0.0,4.790864322059304,1
78,7.0,5.023753102820145,1
70,-8.0,5.559205150447472,1
70,0.0,4.41318371203718,1
71,1.0,4.429339411136542,1
78,7.0,5.1455019654247796,1
79,1.0,5.080307452263456,1
78,-1.0,5.1316014394468645,1
75,-3.0,4.5408201482824015,1
82,7.0,3.860668582611269,1
84,2.0,3.7859388972001558,1
75,-9.0,5.652643713553928,1
74,-1.0,4.894116973712495,1
73,-1.0,4.845223470201376,1
72,-1.0,4.845223470201376,1
76,4.0,5.047394424471924,1
73,-3.0,4.1115400891590115,1
66,-7.0,4.3149794459588575,1
70,4.0,3.8606685826112677,1
73,3.0,4.099941927579414,1
74,1.0,4.099941927579414,1
74,0.0,4.070801956792833,1
73,-1.0,3.7352886036263304,1
76,3.0,3.7352886036263304,1
73,-3.0,2.5166114784235414,1
73,0.0,2.149196970742191,1
71,-2.0,1.9760470401186545,1
73,2.0,2.1157009420497657,1
75,2.0,2.2677868380553172,1
84,9.0,3.9520940802373885,1
75,-9.0,5.5205244747388145,1
77,2.0,5.411627692821641,1
74,-3.0,5.580578567035584,1
72,-2.0,5.580578567035584,1
74,2.0,5.580578567035584,1
72,-2.0,5.563486402641849,1
71,-1.0,3.716116764786004,1
52,-19.0,7.204495950776965,2
54,2.0,7.204495950776964,1
34,-20.0,9.569296137722374,0
43,9.0,11.066896153673362,0
49,6.0,11.530497862294617,0
50,1.0,11.653734328940384,0
33,-17.0,12.686700948330923,0
42,9.0,12.094863136295263,0
32,-10.0,12.375090187261545,0
47,15.0,11.466306749611677,0
21,-26.0,14.937966968194065,0
27,6.0,14.937966968194065,0
33,6.0,15.284601650649826,0
40,7.0,14.118545723031573,0
34,-6.0,13.837492203292843,0
32,-2.0,13.304134695650061,0
31,-1.0,11.55731061153192,0
25,-6.0,5.711308748355962,2
18,-7.0,5.76524893114729,2
16,-2.0,4.790864322059296,2
25,9.0,5.459809869356582,2
28,3.0,5.459809869356582,2
29,1.0,5.472876844254827,2
24,-5.0,5.744562646538005,2
16,-8.0,6.074928962939537,2
27,11.0,6.99319397019428,2
28,1.0,6.848705126136008,2
21,-7.0,6.67974906856892,2
28,7.0,7.1879528842825895,2
29,1.0,7.1879528842825895,2
23,-6.0,7.312741652498754,2
24,1.0,6.440201120787315,2
29,5.0,5.186980037050618,2
25,-4.0,5.411627692821634,2
27,2.0,4.598136268408849,2
45,18.0,7.807200583588248,1
34,-11.0,9.340133577101291,0
41,7.0,9.071147352221438,0
39,-2.0,9.22728872111721,0
37,-2.0,9.245333443212862,0
40,3.0,8.970852271450589,0
41,1.0,8.981462390204971,0
27,-14.0,7.502380574571915,2
22,-5.0,6.676183683170221,2
28,6.0,6.466028441750277,2
21,-7.0,6.7541874136751145,2
29,8.0,7.861903319777184,2
29,0.0,7.678045386189161,2
23,-6.0,7.7428922859859455,2
24,1.0,5.912053869204902,2
15,-9.0,6.58280588604381,2
18,3.0,6.133436852128448,2
10,-8.0,6.2943663397555225,2
23,13.0,7.6904393335398495,2
23,0.0,7.6904393335398495,2
21,-2.0,7.387247699341635,2
22,1.0,7.387247699341635,2
21,-1.0,6.362090102803494,2
21,0.0,6.294366339755521,2
23,2.0,5.080307452263446,2
21,-2.0,1.4960264830860883,2
22,1.0,1.5735915849387885,2
24,2.0,1.5118578920368069,2
24,0.0,1.4960264830860883,2
24,0.0,1.3972762620114334,2
19,-5.0,2.497617912751054,2
13,-6.0,3.0472470011001698,2
11,-2.0,3.0472470011001698,2
13,2.0,3.199702367110874,2
12,-1.0,2.8702082220798775,2
23,11.0,5.639993245521088,2
20,-3.0,5.740416444159835,2
24,4.0,5.5891050480461475,2
24,0.0,4.790864322059293,2
29,5.0,4.649628761422497,2
20,-9.0,6.4031242374328246,2
26,6.0,6.58280588604381,2
28,2.0,5.282495802626028,2
20,-8.0,6.137317546507298,2
20,0.0,5.883795341363202,2
33,13.0,7.825477316949742,2
37,4.0,7.755182598937104,2
45,8.0,6.629659188252489,1
48,3.0,6.542898731412822,1
54,6.0,6.600865744084504,1
50,-4.0,5.49891764241791,2
50,0.0,5.49891764241791,1
44,-6.0,5.1593650402978195,2
44,0.0,5.066228051190192,2
46,2.0,4.099941927579403,2
46,0.0,3.9036002917940946,2
51,5.0,3.6449573777636943,1
52,1.0,3.302235894778204,1
30,-22.0,9.06326967174964,2
25,-5.0,9.01321780709281,2
27,2.0,9.144345117013428,0
25,-2.0,8.944271909999141,2
20,-5.0,8.864052604279166,2
25,5.0,8.864052604279166,2
23,-2.0,8.66849797501602,2
27,4.0,4.1173269183270635,2
26,-1.0,3.6253078686998195,2
26,0.0,3.532165125838564,2
20,-6.0,4.151878519188021,2
51,31.0,12.286267983093182,0
52,1.0,12.348124978157216,0
39,-13.0,13.82888626166601,0
33,-6.0,14.135399669253202,0
22,-11.0,14.842025275740303,0
22,0.0,14.842025275740303,0
23,1.0,14.649882170824696,0
21,-2.0,5.822779568621985,2
22,1.0,5.822779568621985,2
28,6.0,5.503245795502324,2
22,-6.0,5.503245795502324,2
22,0.0,3.60555127546395,2
21,-1.0,3.625307868699824,2
23,2.0,3.696845502136434,2
21,-2.0,3.696845502136434,2
24,3.0,3.860668582611258,2
27,3.0,3.236694374850704,2
25,-2.0,2.2253945610566825,2
28,3.0,2.410295378065419,2
31,3.0,2.370453040886347,2
30,-1.0,2.516611478423526,2
26,-4.0,2.9840847683605802,2
31,5.0,3.3166247903553567,2
40,9.0,4.488079449258541,2
47,7.0,4.488079449258541,1
51,4.0,4.498677054212155,1
49,-2.0,4.928053803045782,2
60,11.0,5.529143565818154,1
56,-4.0,5.529143565818154,1
55,-1.0,5.855400437691174,1
52,-3.0,5.707138387268027,1
50,-2.0,5.318431562567484,1
52,2.0,5.1455019654247725,1
48,-4.0,5.336308693862284,2
52,4.0,3.0783421635988093,1
53,1.0,2.8784916685156494,1
48,-5.0,3.3665016461206516,2
34,-14.0,5.996030432909817,2
37,3.0,6.362090102803497,2
30,-7.0,6.362090102803497,2
34,4.0,6.879922480183411,2
32,-2.0,6.362090102803497,2
20,-12.0,6.921326600064589,2
25,5.0,7.825477316949744,2
28,3.0,6.466028441750279,2
22,-6.0,6.466028441750279,2
28,6.0,6.701101544131504,2
28,0.0,6.440201120787315,2
24,-4.0,6.542898731412824,2
27,3.0,4.546060565661921,2
27,0.0,4.191828786034598,2
27,0.0,4.017817460121461,2
26,-1.0,3.1547394428669815,2
24,-2.0,2.149196970742175,2
24,0.0,2.149196970742175,2
23,-1.0,1.5735915849387976,2
27,4.0,1.9148542155126032,2
21,-6.0,2.9680841985232718,2
24,3.0,3.3094381626464444,2
23,-1.0,3.3094381626464444,2
20,-3.0,3.408672412985346,2
22,2.0,3.545621041711634,2
28,6.0,4.231401884099598,2
27,-1.0,3.999999999999965,2
21,-6.0,3.999999999999965,2
27,6.0,4.503966505838382,2
22,-5.0,4.947341758580076,2
23,1.0,4.790864322059296,2
18,-5.0,5.126959555693219,2
11,-7.0,4.68533680244875,2
10,-1.0,4.68533680244875,2
12,2.0,4.644505202002501,2
12,0.0,3.4846602621858076,2
10,-2.0,3.251373336211683,2
9,-1.0,3.0550504633038473,2
10,1.0,2.9113897843109555,2
14,4.0,2.0701966780269934,2
8,-6.0,3.199702367110878,2
12,4.0,3.5118845842842057,2
13,1.0,3.532165125838569,2
13,0.0,3.408672412985345,2
13,0.0,3.3594217189441995,2
14,1.0,3.3594217189441995,2
10,-4.0,3.3594217189442,2
12,2.0,2.4397501823712746,2
11,-1.0,1.9518001458969936,2
12,1.0,1.9518001458969936,2
12,0.0,1.9518001458969936,2
13,1.0,1.999999999999929,2
14,1.0,1.999999999999929,2
10,-4.0,1.999999999999929,2
16,6.0,2.9920529661723347,2
17,1.0,2.911389784310955,2
13,-4.0,3.4364987719368565,2
10,-3.0,3.638419332360545,2
14,4.0,3.9761191895519836,2
10,-4.0,4.237025012007915,2
13,3.0,4.117326918327067,2
15,2.0,3.4364987719368565,2
17,2.0,3.5118845842842057,2
11,-6.0,3.9460649476951453,2
13,2.0,3.8234863173610725,2
12,-1.0,3.4982989063393304,2
14,2.0,3.154739442866981,2
11,-3.0,3.199702367110878,2
8,-3.0,3.162277660168335,2
7,-1.0,2.878491668515649,2
7,0.0,2.0701966780269947,2
9,2.0,2.0701966780269947,2
6,-3.0,2.2677868380553012,2
6,0.0,1.9518001458969945,2
9,3.0,2.2886885410852558,2
9,0.0,1.951800145896994,2
11,2.0,1.9880595947759387,2
11,0.0,1.9880595947759387,2
11,0.0,1.8898223650460613,2
14,3.0,1.4638501094227028,2
14,0.0,1.4638501094227028,2
12,-2.0,1.6183471874252868,2
10,-2.0,1.8644544714715332,2
13,3.0,2.0586634591634825,2
11,-2.0,2.2360679774997267,2
11,0.0,2.2360679774997267,2
14,3.0,2.2360679774997267,2
11,-3.0,2.507132682111979,2
14,3.0,2.6903708365381447,2
19,5.0,2.9840847683605807,2
18,-1.0,2.9840847683605807,2
18,0.0,2.7688746209726403,2
20,2.0,2.751622897751123,2
24,4.0,2.878491668515648,2
24,0.0,2.2677868380553003,2
22,-2.0,2.609506430251423,2
16,-6.0,3.154739442866981,2
15,-1.0,3.154739442866981,2
18,3.0,3.4156502553198242,2
15,-3.0,3.45032779671173,2
21,6.0,3.952094080237379,2
24,3.0,4.1633319989322315,2
20,-4.0,4.386125310350236,2
30,10.0,5.033222956847138,2
31,1.0,4.889249625940736,2
34,3.0,4.889249625940736,2
33,-1.0,4.577377082170604,2
31,-2.0,4.577377082170604,2
30,-1.0,4.59813626840885,2
30,0.0,4.117326918327069,2
26,-4.0,2.225394561056685,2
28,2.0,2.37045304088635,2
32,4.0,2.627691364061165,2
39,7.0,3.7606990231680153,2
42,3.0,3.5989416433697103,2
39,-3.0,3.903600291794097,2
33,-6.0,4.790864322059295,2
31,-2.0,4.535573676110696,2
34,3.0,4.598136268408849,2
30,-4.0,4.680252333449728,2
31,1.0,3.5321651258385693,2
31,0.0,3.10145895008258,2
30,-1.0,3.0394235042348017,2
30,0.0,2.2253945610566843,2
42,12.0,5.061526214398907,2
31,-11.0,6.852180744287229,2
41,10.0,7.634508123364203,2
42,1.0,7.634508123364203,2
46,4.0,7.6469726347222,2
47,1.0,7.546680127869517,2
45,-2.0,7.69043933353985,2
44,-1.0,6.369570517030822,2
41,-3.0,4.429339411136533,2
30,-11.0,4.755948656056681,2
33,3.0,4.990467102863381,2
29,-4.0,4.4668088108156905,2
27,-2.0,4.220133150686545,2
29,2.0,4.608480795022907,2
28,-1.0,4.608480795022907,2
25,-3.0,4.608480795022907,2
25,0.0,2.56347977784657,2
27,2.0,2.3401261667248208,2
28,1.0,1.9518001458969958,2
28,0.0,1.772810520855759,2
24,-4.0,2.1380899352993312,2
27,3.0,2.544836041121353,2
23,-4.0,2.751622897751125,2
20,-3.0,2.927700218845553,2
25,5.0,3.5456210417116347,2
21,-4.0,3.741657386773905,2
20,-1.0,3.7161167647859963,2
23,3.0,3.7606990231680157,2
22,-1.0,3.4982989063393317,2
24,2.0,3.287784027201838,2
20,-4.0,3.4641016151377153,2
22,2.0,2.878491668515651,2
28,6.0,3.265986323710862,2
26,-2.0,3.3876526498727997,2
25,-1.0,3.302235894778208,2
34,9.0,4.572172558506692,2
27,-7.0,5.623081683476361,2
28,1.0,5.273473599964594,2
20,-8.0,6.264031867582968,2
22,2.0,5.756983337031372,2
27,5.0,6.121780008803829,2
21,-6.0,6.553806600166096,2
23,2.0,5.25538272812241,2
23,0.0,4.6853368024487505,2
22,-1.0,4.634241089562584,2
20,-2.0,3.5118845842842075,2
24,4.0,3.773340063934732,2
24,0.0,3.154739442866983,2
21,-3.0,2.38047614284756,2
20,-1.0,2.2253945610566865,2
20,0.0,2.2253945610566865,2
22,2.0,2.38047614284756,2
21,-1.0,2.267786838055304,2
20,-1.0,1.51185789203682,2
24,4.0,2.3094010767584447,2
24,0.0,1.9023794624226125,2
20,-4.0,2.5166114784235294,2
25,5.0,3.1471831698777293,2
26,1.0,3.1014589500825815,2
23,-3.0,3.3523268393900625,2
24,1.0,3.3094381626464453,2
22,-2.0,3.039423504234802,2
22,0.0,3.039423504234802,2
24,2.0,2.636736799982258,2
20,-4.0,2.288688541085258,2
20,0.0,2.1930626551750723,2
24,4.0,2.6095064302514253,2
24,0.0,2.5819888974715584,2
24,0.0,2.429971585175767,2
20,-4.0,2.927700218845553,2
22,2.0,2.927700218845553,2
23,1.0,2.439750182371277,2
23,0.0,2.439750182371277,2
23,0.0,1.8644544714715356,2
20,-3.0,2.1491969707421763,2
23,3.0,2.544836041121354,2
22,-1.0,1.9760470401186387,2
20,-2.0,1.9760470401186387,2
33,13.0,5.442338432975971,2
32,-1.0,5.498917642417912,2
30,-2.0,5.627314338711353,2
34,4.0,5.416025603090615,2
34,0.0,5.442338432975971,2
31,-3.0,5.6484300389366275,2
30,-1.0,5.563486402641844,2
30,0.0,2.2253945610566856,2
30,0.0,2.214669705568221,2
30,0.0,2.0816659994660665,2
38,8.0,3.4572215654164653,2
40,2.0,3.484660262185808,2
33,-7.0,4.423960733486261,2
31,-2.0,4.488079449258543,2
29,-2.0,4.5617456975946755,2
22,-7.0,5.241773600241641,2
25,3.0,5.468524655221153,2
21,-4.0,3.952094080237381,2
22,1.0,3.7796447300922362,2
24,2.0,3.5456210417116347,2
22,-2.0,3.5456210417116347,2
23,1.0,3.625307868699825,2
20,-3.0,2.6903708365381456,2
23,3.0,2.6903708365381456,2
23,0.0,2.1380899352993294,2
24,1.0,2.1380899352993294,2
21,-3.0,2.2990681342043797,2
22,1.0,2.236067977499727,2
22,0.0,2.1930626551750705,2
20,-2.0,1.99999999999993,2
20,0.0,1.5118578920368169,2
22,2.0,1.772810520855758,2
26,4.0,2.36038737740827,2
28,2.0,1.914854215512603,2
26,-2.0,2.2253945610566843,2
29,3.0,2.3804761428475576,2
27,-2.0,2.3804761428475576,2
27,0.0,2.3804761428475576,2
27,0.0,2.36038737740827,2
26,-1.0,1.9148542155126034,2
26,0.0,1.7043362064926117,2
25,-1.0,1.5735915849387978,2
29,4.0,1.9148542155126036,2
25,-4.0,2.360387377408271,2
26,1.0,2.4102953780654213,2
27,1.0,2.4494897427831215,2
26,-1.0,2.4494897427831215,2
27,1.0,2.478478796128154,2
27,0.0,2.429971585175766,2
30,3.0,2.1930626551750705,2
31,1.0,1.2149857925877967,2
29,-2.0,1.618347187425288,2
28,-1.0,1.6761634196949686,2
26,-2.0,1.8257418583504776,2
29,3.0,2.13808993529933,2
29,0.0,2.13808993529933,2
26,-3.0,2.0701966780269956,2
28,2.0,2.2253945610566848,2
27,-1.0,2.13808993529933,2
29,2.0,2.267786838055302,2
29,0.0,2.070196678026995,2
28,-1.0,1.7728105208557583,2
27,-1.0,1.7994708216847974,2
28,1.0,1.3801311186846075,2
28,0.0,1.1547005383791311,2
28,0.0,1.0690449676495675,2
25,-3.0,1.2724180205605946,2
26,1.0,1.3972762620114445,2
27,1.0,1.4638501094227048,2
26,-1.0,1.4638501094227048,2
29,3.0,1.864454471471534,2
29,0.0,1.864454471471534,2
26,-3.0,2.21466970556822,2
25,-1.0,1.9148542155126034,2
25,0.0,1.864454471471534,2
25,0.0,1.7994708216847974,2
26,1.0,1.8257418583504772,2
26,0.0,1.2724180205605942,2
30,4.0,2.1157009420497492,2
31,1.0,1.6035674514744587,2
46,15.0,5.477225575051635,1
52,6.0,5.398412465054598,1
45,-7.0,6.718843437888463,2
51,6.0,6.7541874136751145,1
52,1.0,6.676183683170221,1
45,-7.0,7.7980461533337655,2
51,6.0,7.9041881604748125,1
53,2.0,5.830951894845277,1
53,0.0,5.398412465054599,1
50,-3.0,4.680252333449729,1
52,2.0,4.140393356054092,1
51,-1.0,4.140393356054092,1
54,3.0,2.9277002188455516,1
55,1.0,2.0701966780269956,1
52,-3.0,2.3401261667248203,1
55,3.0,2.627691364061165,1
61,6.0,2.935821455580591,1
51,-10.0,5.24177360024164,2
56,5.0,5.5592051504474655,1
60,4.0,5.639993245521091,1
60,0.0,5.648430038936627,1
58,-2.0,5.55063273956434,1
58,0.0,5.472876844254826,1
56,-2.0,4.923220007078188,1
54,-2.0,2.9358214555805913,1
58,4.0,2.6903708365381456,1
55,-3.0,2.360387377408271,1
48,-7.0,3.302235894778208,2
49,1.0,3.4503277967117314,1
50,1.0,3.5321651258385702,1
48,-2.0,3.5321651258385702,2
50,2.0,3.6903993847614034,1
53,3.0,3.4982989063393313,1
62,9.0,4.8648398397754455,1
61,-1.0,3.5790395093549225,1
60,-1.0,3.735288603626321,1
60,0.0,3.779644730092235,1
58,-2.0,3.779644730092235,1
60,2.0,3.779644730092235,1
59,-1.0,3.8047589248453306,1
56,-3.0,1.5735915849387978,1
53,-3.0,1.7728105208557583,1
52,-1.0,1.7728105208557583,1
51,-1.0,1.7043362064926117,1
50,-1.0,1.6761634196949686,1
53,3.0,1.9999999999999303,1
50,-3.0,2.13808993529933,2
51,1.0,2.13808993529933,1
50,-1.0,1.9023794624226102,1
50,0.0,1.8898223650460624,1
47,-3.0,2.149196970742175,2
48,1.0,2.2146697055682196,2
49,1.0,1.8126539343498544,1
50,1.0,1.527525231651855,1
44,-6.0,2.645751311064538,2
34,-10.0,4.309458036856641,2
33,-1.0,4.237025012007916,2
33,0.0,4.320493798938542,2
49,16.0,8.11230693511553,1
56,7.0,8.524474568362931,1
50,-6.0,8.925618559330575,0
52,2.0,8.532849688675146,0
51,-1.0,7.138093649734548,1
64,13.0,7.934253648099529,1
63,-1.0,8.035634920242973,1
66,3.0,6.160550377391672,1
68,2.0,5.822779568621985,1
62,-6.0,5.822779568621986,1
57,-5.0,6.343350474165444,1
61,4.0,6.399404734221823,1
64,3.0,4.0824829046385975,1
64,0.0,4.059087394500173,1
64,0.0,3.86066858261126,1
59,-5.0,4.070801956792826,1
57,-2.0,3.545621041711635,1
60,3.0,3.2071349029490506,1
63,3.0,3.0394235042348026,1
61,-2.0,2.8784916685156507,1
63,2.0,3.0237157840737727,1
63,0.0,3.0237157840737727,1
62,-1.0,2.2253945610566865,1
62,0.0,1.976047040118639,1
63,1.0,1.7182493859683703,1
64,1.0,1.3451854182689977,1
61,-3.0,1.632993161855369,1
61,0.0,1.3801311186846101,1
62,1.0,1.463850109422707,1
68,6.0,2.672612419124193,1
65,-3.0,3.047247001100176,1
61,-4.0,3.450327796711732,1
68,7.0,4.429339411136535,1
68,0.0,4.163331998932233,1
68,0.0,4.163331998932233,1
69,1.0,4.163331998932233,1
58,-11.0,5.503245795502324,1
63,5.0,5.936168397046614,1
52,-11.0,7.134757312253979,2
50,-2.0,6.133436852128448,1
53,3.0,6.440201120787315,1
56,3.0,6.701101544131503,1
53,-3.0,6.600865744084504,1
53,0.0,5.376314900074364,1
56,3.0,5.066228051190192,1
59,3.0,2.645751311064536,1
64,5.0,2.645751311064536,1
64,0.0,2.6992062325272586,1
60,-4.0,3.309438162646443,1
63,3.0,2.9920529661723343,1
55,-8.0,4.680252333449727,1
64,9.0,5.698788509515876,1
64,0.0,5.648430038936626,1
61,-3.0,5.442338432975969,1
60,-1.0,5.442338432975969,1
64,4.0,5.442338432975969,1
60,-4.0,5.563486402641842,1
51,-9.0,5.798193478924908,2
52,1.0,4.151878519188025,1
52,0.0,4.151878519188025,1
49,-3.0,4.151878519188025,2
48,-1.0,4.151878519188025,2
48,0.0,3.4503277967117296,2
50,2.0,3.6903993847614016,1
54,4.0,2.2253945610566834,1
50,-4.0,2.751622897751123,2
51,1.0,2.794552524023037,1
48,-3.0,2.794552524023037,2
48,0.0,2.7688746209726403,2
52,4.0,3.154739442866981,1
49,-3.0,3.3380918415850784,2
50,1.0,2.8784916685156485,1
50,0.0,2.44948974278312,1
51,1.0,2.44948974278312,1
49,-2.0,2.2677868380553012,2
48,-1.0,2.3094010767584416,2
50,2.0,1.799470821684796,1
52,2.0,1.511857892036816,1
51,-1.0,1.573591584938797,1
51,0.0,1.573591584938797,1
52,1.0,1.573591584938797,1
50,-2.0,1.573591584938797,1
53,3.0,1.7994708216847968,1
52,-1.0,1.7994708216847966,1
53,1.0,1.6761634196949677,1
44,-9.0,3.87298334620738,2
53,9.0,5.4379618030497685,1
50,-3.0,5.5592051504474655,1
50,0.0,5.507570547286076,1
49,-1.0,5.34967733784453,1
47,-2.0,5.376314900074364,2
47,0.0,5.336308693862284,2
45,-2.0,4.059087394500172,2
46,1.0,1.4142135623729946,2
41,-5.0,1.9760470401186356,2
47,6.0,3.408672412985345,1
47,0.0,3.4016802570830036,2
49,2.0,3.4016802570830036,1
47,-2.0,3.5118845842842066,2
49,2.0,3.4572215654164653,1
59,10.0,4.980915960897506,1
65,6.0,4.117326918327069,1
65,0.0,4.117326918327069,1
62,-3.0,4.5617456975946755,1
64,2.0,4.5617456975946755,1
55,-9.0,6.121780008803828,1
59,4.0,6.214422549122914,1
62,3.0,5.061526214398909,1
54,-8.0,5.25538272812241,1
56,2.0,5.407226205560016,1
59,3.0,5.563486402641844,1
63,4.0,5.7569833370313725,1
62,-1.0,4.320493798938543,1
64,2.0,4.151878519188028,1
61,-3.0,4.220133150686545,1
56,-5.0,3.3523268393900634,1
55,-1.0,3.287784027201839,1
58,3.0,3.287784027201839,1
55,-3.0,2.8535691936339784,1
56,1.0,2.9680841985232735,1
57,1.0,2.8284271247461428,1
64,7.0,3.952094080237381,1
57,-7.0,4.450789122113464,1
60,3.0,4.5355736761106975,1
56,-4.0,4.715728494951228,1
57,1.0,4.572172558506693,1
54,-3.0,4.715728494951228,1
56,2.0,4.77593172161449,1
50,-6.0,3.9999999999999667,2
56,6.0,4.298393941484448,1
50,-6.0,4.540820148282395,2
52,2.0,4.540820148282395,1
54,2.0,4.613644360558583,1
55,1.0,4.488079449258544,1
50,-5.0,4.77593172161449,2
51,1.0,4.220133150686545,1
51,0.0,3.352326839390064,1
52,1.0,2.4299715851757697,1
52,0.0,2.309401076758446,1
52,0.0,2.138089935299334,1
50,-2.0,2.138089935299334,1
53,3.0,1.5118578920368224,1
53,0.0,1.4960264830861039,1
52,-1.0,1.5735915849388031,1
54,2.0,1.7043362064926166,1
50,-4.0,2.360387377408274,2
49,-1.0,2.370453040886353,2
49,0.0,2.267786838055306,1
54,5.0,2.794552524023041,1
50,-4.0,3.207134902949052,2
53,3.0,3.43649877193686,1
51,-2.0,3.4086724129853483,1
54,3.0,3.207134902949052,1
54,0.0,3.147183169877731,1
50,-4.0,3.625307868699827,2
53,3.0,3.2366943748507078,1
52,-1.0,2.811540841738146,1
50,-2.0,2.6367367999822604,1
37,-13.0,5.477225575051637,2
39,2.0,5.336308693862286,2
37,-2.0,5.255382728122411,2
38,1.0,5.3452248382484635,2
37,-1.0,4.956957592256395,2
37,0.0,5.014265364224044,2
41,4.0,5.529143565818156,2
39,-2.0,2.2146697055682245,2
38,-1.0,2.115700942049754,2
38,0.0,1.9518001458970002,2
39,1.0,1.9518001458970002,2
39,0.0,1.8898223650460677,2
49,10.0,4.111540089159005,1
52,3.0,4.035556254807263,1
40,-12.0,6.517376042257361,2
39,-1.0,6.517376042257361,2
40,1.0,6.524678426668116,2
40,0.0,6.517376042257361,2
40,0.0,6.517376042257361,2
42,2.0,5.0332229568471405,2
41,-1.0,4.720774754816631,2
46,5.0,2.115700942049754,2
41,-5.0,3.039423504234805,2
40,-1.0,3.055050463303851,2
40,0.0,3.055050463303851,2
30,-10.0,4.85994317035162,2
41,11.0,6.743603671345924,2
45,4.0,6.900655593423524,2
45,0.0,6.618876325292953,2
43,-2.0,6.343350474165445,2
46,3.0,6.388233230676816,2
46,0.0,6.388233230676816,2
46,0.0,4.3479606604431975,2
47,1.0,2.0354009783963662,2
47,0.0,1.4960264830861056,2
43,-4.0,2.2146697055682254,2
47,4.0,2.57275098271235,1
44,-3.0,2.627691364061169,2
47,3.0,2.91138978431096,2
46,-1.0,2.9439202887759053,2
44,-2.0,2.9920529661723396,2
46,2.0,3.1320159337914535,2
48,2.0,2.690370836538149,1
47,-1.0,2.3094010767584474,2
48,1.0,1.902379462422616,2
50,2.0,1.7182493859683743,1
50,0.0,1.6183471874252946,1
49,-1.0,1.3801311186846152,2
48,-1.0,1.3801311186846152,2
50,2.0,1.3801311186846152,1
49,-1.0,1.3801311186846152,2
50,1.0,1.3801311186846152,1
50,0.0,1.1547005383791402,1
50,0.0,1.1547005383791402,1
47,-3.0,1.603567451474466,2
45,-2.0,1.7182493859683743,2
44,-1.0,1.345185418269003,2
47,3.0,1.9760470401186425,2
45,-2.0,1.9760470401186427,2
47,2.0,2.2253945610566896,2
52,5.0,3.0394235042348052,1
50,-2.0,2.878491668515653,1
52,2.0,2.7080128015452725,1
53,1.0,2.563479777846573,1
63,10.0,4.1918287860346,1
53,-10.0,6.175990377490632,2
53,0.0,6.175990377490632,1
66,13.0,7.6376261582597165,1
72,6.0,7.537209285241026,1
71,-1.0,7.696628822938974,1
70,-1.0,7.807200583588249,1
65,-5.0,7.432233529572047,1
72,7.0,6.183695920571691,1
68,-4.0,6.6440091167048285,1
66,-2.0,4.6904157598234,1
66,0.0,3.891382420536032,1
72,6.0,4.670066788550624,1
65,-7.0,5.407226205560015,1
68,3.0,5.191568255583343,1
70,2.0,4.423960733486261,1
74,4.0,4.3369947901194825,1
68,-6.0,4.990467102863382,1
66,-2.0,5.066228051190194,1
69,3.0,4.577377082170604,1
70,1.0,3.545621041711635,1
70,0.0,3.401680257083005,1
73,3.0,3.5050983275386174,1
72,-1.0,3.147183169877729,1
69,-3.0,2.3401261667248203,1
60,-9.0,4.180453381654937,1
70,10.0,5.785861256216762,1
63,-7.0,6.350852961085862,1
69,6.0,6.890296835129108,1
66,-3.0,6.806859285554026,1
69,3.0,6.972736021035599,1
71,2.0,6.921326600064589,1
62,-9.0,6.921326600064589,1
66,4.0,5.798193478924911,1
66,0.0,5.06152621439891,1
73,7.0,5.255382728122411,1
73,0.0,5.0332229568471405,1
66,-7.0,5.740416444159838,1
68,2.0,5.740416444159838,1
72,4.0,4.466808810815691,1
74,2.0,4.336994790119484,1
71,-3.0,4.608480795022908,1
74,3.0,3.8913824205360332,1
73,-1.0,3.9157800414902098,1
74,1.0,2.410295378065425,1
75,1.0,2.380476142847562,1
72,-3.0,2.380476142847561,1
72,0.0,2.2146697055682227,1
72,0.0,1.8644544714715376,1
73,1.0,1.4638501094227088,1
74,1.0,1.4638501094227092,1
74,0.0,1.414213562373001,1
67,-7.0,2.9113897843109577,1
65,-2.0,2.8284271247461423,1
72,7.0,4.163331998932234,1
70,-2.0,4.2314018840996,1
67,-3.0,4.298393941484448,1
73,6.0,5.014265364224043,1
65,-8.0,5.822779568621986,1
73,8.0,6.121780008803829,1
74,1.0,5.9920582360956445,1
70,-4.0,5.677860093212492,1
74,4.0,5.826867164470174,1
70,-4.0,5.940177967511918,1
71,1.0,5.43796180304977,1
73,2.0,4.259443290250134,1
71,-2.0,3.0937725468153454,1
73,2.0,3.184785258515381,1
73,0.0,2.699206232527264,1
65,-8.0,3.6839419880650004,1
68,3.0,3.773340063934733,1
67,-1.0,3.7352886036263233,1
65,-2.0,3.5790395093549257,1
71,6.0,4.434711565216661,1
70,-1.0,4.353433237386406,1
68,-2.0,4.386125310350239,1
72,4.0,3.2659863237108646,1
70,-2.0,3.30223589477821,1
71,1.0,3.25868802112865,1
71,0.0,3.0783421635988124,1
76,5.0,2.8115408417381462,1
73,-3.0,3.101458950082583,1
76,3.0,3.023715784073775,1
71,-5.0,3.48466026218581,1
64,-7.0,4.336994790119483,1
60,-4.0,4.3915503282683686,1
52,-8.0,4.923220007078189,2
64,12.0,7.016986193380672,1
60,-4.0,7.057586259446181,1
63,3.0,7.057586259446181,1
51,-12.0,8.008923594519857,2
52,1.0,7.889112449325016,1
56,4.0,8.079957567073853,1
55,-1.0,7.412987316350992,1
50,-5.0,5.537749241945358,2
48,-2.0,5.468524655221152,2
52,4.0,5.623081683476361,1
49,-3.0,3.4503277967117323,2
55,6.0,4.197504927816923,1
54,-1.0,3.9036002917940986,1
55,1.0,3.9157800414902098,1
61,6.0,3.779644730092238,1
60,-1.0,3.6384193323605487,1
63,3.0,3.5523298860110613,1
63,0.0,3.055050463303851,1
60,-3.0,2.9840847683605842,1
60,0.0,2.911389784310959,1
60,0.0,2.9277002188455548,1
64,4.0,2.370453040886352,1
62,-2.0,2.497617912751062,1
66,4.0,2.699206232527263,1
72,6.0,3.4016802570830063,1
74,2.0,2.828427124746144,1
71,-3.0,3.359421718944203,1
70,-1.0,3.457221565416467,1
79,9.0,4.4507891221134654,1
74,-5.0,5.023753102820139,1
72,-2.0,5.08030745226345,1
72,0.0,4.546060565661922,1
76,4.0,4.750939756661655,1
72,-4.0,4.879500364742638,1
75,3.0,4.956957592256393,1
72,-3.0,3.4641016151377153,1
78,6.0,3.8234863173610742,1
74,-4.0,4.111540089159004,1
76,2.0,4.157609203101467,1
72,-4.0,4.157609203101467,1
74,2.0,3.9460649476951466,1
72,-2.0,3.8234863173610742,1
79,7.0,4.509249752822865,1
82,3.0,4.076646614442728,1
80,-2.0,3.760699023168017,1
80,0.0,3.735288603626323,1
80,0.0,3.1847852585153804,1
83,3.0,3.2513733362116857,1
82,-1.0,3.1014589500825824,1
90,8.0,3.4086724129853483,1
75,-15.0,7.0237691685684736,1
82,7.0,7.609517849690717,1
81,-1.0,7.625146368618565,1
84,3.0,7.699721701835335,1
79,-5.0,7.870983480631927,1
82,3.0,7.979139469057199,1
81,-1.0,7.1580790187099055,1
81,0.0,3.8483144114694614,1
88,7.0,3.8483144114694614,1
83,-5.0,4.423960733486262,1
81,-2.0,4.31497944595885,1
79,-2.0,3.9157800414902098,1
77,-2.0,3.7289089429431814,1
79,2.0,3.86066858261126,1
74,-5.0,4.242640687119253,1
78,4.0,3.3594217189442013,1
75,-3.0,3.07834216359881,1
73,-2.0,3.07834216359881,1
74,1.0,3.1471831698777297,1
75,1.0,3.14718316987773,1
81,6.0,3.9036002917940986,1
83,2.0,3.147183169877731,1
80,-3.0,3.2513733362116857,1
79,-1.0,2.9920529661723383,1
75,-4.0,3.3523268393900634,1
75,0.0,3.3380918415850807,1
79,4.0,3.644957377763699,1
79,0.0,2.7516228977511257,1
71,-8.0,3.7733400639347314,1
70,-1.0,3.735288603626322,1
79,9.0,5.446711546122706,1
75,-4.0,5.446711546122706,1
78,3.0,5.563486402641844,1
76,-2.0,5.380741673076368,1
80,4.0,5.639993245521092,1
78,-2.0,4.546060565661922,1
76,-2.0,4.634241089562584,1
79,3.0,3.214550253664276,1
72,-7.0,3.9520940802373805,1
72,0.0,3.6709931185157787,1
74,2.0,3.773340063934732,1
65,-9.0,4.450789122113463,1
67,2.0,4.72077475481663,1
57,-10.0,5.707138387268027,1
66,9.0,7.0101966550772925,1
66,0.0,6.644009116704828,1
72,6.0,7.141428428542831,1
73,1.0,7.104659772022176,1
71,-2.0,6.0670852812139975,1
72,1.0,6.047431568147613,1
72,0.0,3.8913824205360323,1
70,-2.0,2.6992062325272603,1
67,-3.0,3.0237157840737714,1
65,-2.0,1.6329931618553641,1
67,2.0,1.864454471471532,1
67,0.0,1.812653934349853,1
54,-13.0,4.894116973712486,2
43,-11.0,5.639993245521089,2
48,5.0,6.618876325292951,1
67,19.0,10.677078252031299,0
69,2.0,10.659223593632294,0
71,2.0,10.659223593632294,0
68,-3.0,10.745984853711185,0
64,-4.0,9.360504666899502,0
55,-9.0,8.938946353164988,0
66,11.0,9.571783930858832,1
53,-13.0,7.91622805802526,2
56,3.0,8.008923594519857,1
57,1.0,7.9372539331937535,1
66,9.0,8.920281866142364,1
64,-2.0,8.812869377601508,1
70,6.0,8.050436249640361,1
74,4.0,7.151423434733597,1
73,-1.0,3.891382420536034,1
72,-1.0,4.1518785191880285,1
70,-2.0,4.450789122113465,1
76,6.0,3.735288603626323,1
76,0.0,3.4982989063393326,1
76,0.0,2.9680841985232727,1
74,-2.0,2.768874620972642,1
76,2.0,2.8199966227605096,1
75,-1.0,2.8199966227605096,1
74,-1.0,2.699206232527261,1
72,-2.0,1.397276262011444,1
72,0.0,1.397276262011444,1
73,1.0,1.5118578920368169,1
73,0.0,1.3451854182689955,1
72,-1.0,0.9759000729483901,1
73,1.0,1.1126972805282487,1
73,0.0,1.0690449676495677,1
73,0.0,0.6900655593421543,1
75,2.0,0.9759000729483925,1
78,3.0,1.3801311186846095,1
77,-1.0,1.5118578920368184,1
72,-5.0,2.581988897471558,1
75,3.0,2.811540841738144,1
72,-3.0,3.0783421635988093,1
74,2.0,3.1847852585153786,1
72,-2.0,3.1547394428669815,1
70,-2.0,2.7945525240230373,1
74,4.0,3.408672412985346,1
74,0.0,2.751622897751125,1
71,-3.0,2.6992062325272603,1
71,0.0,2.4784787961281545,1
74,3.0,2.6457513110645383,1
64,-10.0,4.634241089562583,1
60,-4.0,4.75594865605668,1
63,3.0,4.577377082170604,1
53,-10.0,5.477225575051635,2
55,2.0,5.794085654478047,1
51,-4.0,5.727959829601071,1
30,-21.0,8.260635280539562,2
46,16.0,11.516034370348473,0
40,-6.0,11.582005747833872,0
47,7.0,12.009916537515778,0
30,-17.0,13.009154286043923,0
47,17.0,15.093360255739064,0
53,6.0,15.250292737237157,0
51,-2.0,12.220201853215565,0
50,-1.0,10.814452411120072,0
44,-6.0,10.814452411120072,0
29,-15.0,11.78780645210892,0
26,-3.0,9.980934205726806,0
29,3.0,6.754187413675118,2
28,-1.0,5.711308748355965,2
27,-1.0,5.769377287516742,2
28,1.0,5.9561892579224045,2
29,1.0,5.984105932344746,2
25,-4.0,2.439750182371287,2
25,0.0,2.1930626551750834,2
33,8.0,3.6903993847614105,2
52,19.0,7.7643875666863815,1
65,13.0,8.223080178318062,1
69,4.0,8.029706749078093,1
61,-8.0,9.519403742832186,0
60,-1.0,9.128709291752758,0
74,14.0,9.380831519646849,1
74,0.0,9.719886340703285,1
70,-4.0,8.32380407540411,1
71,1.0,6.93850539690335,1
69,-2.0,6.855654600401028,1
68,-1.0,5.94418483337565,1
68,0.0,5.899959644736868,1
72,4.0,2.497617912751069,1
71,-1.0,2.5071326821119886,1
74,3.0,2.2253945610566963,1
67,-7.0,3.598941643369717,1
61,-6.0,4.140393356054097,1
52,-9.0,5.0896720822427906,2
57,5.0,5.769377287516743,1
37,-20.0,8.426149773176343,2
34,-3.0,8.300889223737517,2
26,-8.0,7.470577207252699,2
17,-9.0,7.515064236331597,2
29,12.0,10.469911538262746,0
20,-9.0,10.469911538262746,0
48,28.0,16.08015636029166,0
40,-8.0,14.29285535803515,0
39,-1.0,14.232758993653631,0
25,-14.0,15.004761149143857,0
31,6.0,14.594519519326417,0
30,-1.0,13.921548901236656,0
29,-1.0,13.36306209562121,0
27,-2.0,6.324555320336737,2
25,-2.0,5.9281411203561,2
31,6.0,6.6939916200667255,2
28,-3.0,3.8668308667926894,2
30,2.0,3.1320159337914544,2
26,-4.0,3.4572215654164684,2
39,13.0,6.160550377391675,2
34,-5.0,6.53197264742179,2
56,22.0,10.04750620564032,0
54,-2.0,10.29100393084959,0
55,1.0,9.99047165100445,0
48,-7.0,10.81445241112007,0
30,-18.0,13.2521337006177,0
29,-1.0,12.067271755415444,0
34,5.0,12.165525060596428,0
29,-5.0,7.358183005529073,2
26,-3.0,7.325753658611951,2
26,0.0,7.221001117771473,2
26,0.0,7.244045173533237,2
27,1.0,3.1547394428669815,2
29,2.0,3.2659863237108615,2
22,-7.0,3.3523268393900616,2
23,1.0,3.1320159337914504,2
29,6.0,3.866830866792686,2
26,-3.0,4.082482904638597,2
33,7.0,4.864839839775446,2
37,4.0,4.995235825502204,2
31,-6.0,5.707138387268027,2
32,1.0,4.72077475481663,2
50,18.0,7.819389819087988,1
51,1.0,7.819389819087988,1
39,-12.0,9.546876826630626,0
33,-6.0,9.64365076099294,0
45,12.0,10.621182787690056,0
49,4.0,10.162957949618507,0
54,5.0,10.172324733127143,0
54,0.0,7.78582350294735,1
52,-2.0,7.840675383931552,1
50,-2.0,5.940177967511917,1
54,4.0,4.9328828623162195,1
59,5.0,3.214550253664275,1
50,-9.0,5.080307452263448,2
61,11.0,6.377042156569642,1
64,3.0,6.3994047342218225,1
63,-1.0,6.320789582985711,1
61,-2.0,6.320789582985711,1
50,-11.0,7.742892285985946,2
42,-8.0,7.742892285985946,2
37,-5.0,7.312741652498754,2
41,4.0,5.520524474738809,2
49,8.0,6.618876325292953,1
50,1.0,6.718843437888464,1
50,0.0,6.754187413675116,1
49,-1.0,5.336308693862286,1
49,0.0,4.082482904638598,1
39,-10.0,5.498917642417913,2
32,-7.0,5.822779568621986,2
49,17.0,8.563488385776738,1
50,1.0,8.563488385776738,0
48,-2.0,8.596787882968943,0
65,17.0,10.765907388825228,0
73,8.0,10.906529280774004,0
71,-2.0,9.606545387688232,1
73,2.0,8.315218406202984,1
72,-1.0,6.969320524371678,1
73,1.0,6.969320524371678,1
72,-1.0,6.852180744287231,1
70,-2.0,3.545621041711638,1
71,1.0,1.6035674514744673,1
69,-2.0,1.6035674514744673,1
72,3.0,1.864454471471541,1
74,2.0,1.9760470401186438,1
72,-2.0,2.1157009420497555,1
72,0.0,2.0816659994660722,1
77,5.0,2.581988897471563,1
77,0.0,2.6095064302514293,1
75,-2.0,2.6095064302514293,1
72,-3.0,2.7688746209726456,1
74,2.0,2.7688746209726456,1
70,-4.0,3.093772546815347,1
70,0.0,3.093772546815347,1
70,0.0,2.0816659994660713,1
77,7.0,3.6968455021364384,1
75,-2.0,3.6968455021364384,1
75,0.0,3.457221565416469,1
78,3.0,3.552329886011062,1
76,-2.0,3.1847852585153826,1
80,4.0,3.359421718944205,1
84,4.0,3.4156502553198296,1
88,4.0,2.819996622760514,1
80,-8.0,4.498677054212159,1
86,6.0,4.8941169737124905,1
90,4.0,4.956957592256396,1
83,-7.0,5.859465277082294,1
90,7.0,6.214422549122917,1
83,-7.0,6.817344825970755,1
82,-1.0,6.568322247184351,1
94,12.0,7.257180352359064,1
93,-1.0,7.09459888459757,1
80,-13.0,8.638231741453072,1
82,2.0,8.335237877600749,1
79,-3.0,7.742892285985948,1
75,-4.0,7.470577207252701,1
77,2.0,7.565586245499749,1
78,1.0,5.282495802626033,1
84,6.0,6.15668432719769,1
81,-3.0,3.6253078686998297,1
80,-1.0,3.5456210417116396,1
76,-4.0,3.6903993847614083,1
78,2.0,3.408672412985352,1
84,6.0,3.9999999999999702,1
72,-12.0,6.335839103296177,1
75,3.0,5.8797473220733165,1
79,4.0,6.129553700835676,1
78,-1.0,6.129553700835676,1
78,0.0,5.908025211926712,1
74,-4.0,6.051367417290689,1
83,9.0,6.669047194029313,1
76,-7.0,5.318431562567488,1
83,7.0,5.814595756329375,1
80,-3.0,5.843188953204997,1
83,3.0,5.908025211926713,1
87,4.0,6.019808571549016,1
81,-6.0,6.350852961085865,1
75,-6.0,5.698788509515882,1
74,-1.0,5.089672082242791,1
73,-1.0,3.9520940802373854,1
73,0.0,3.9157800414902137,1
70,-3.0,3.5321651258385756,1
73,3.0,3.2659863237108686,1
73,0.0,2.7945525240230458,1
79,6.0,2.992052966172344,1
74,-5.0,3.6514837167010756,1
72,-2.0,3.716116764786001,1
73,1.0,3.7416573867739102,1
65,-8.0,4.7509397566616585,1
64,-1.0,4.461475305855863,1
66,2.0,4.618802153516981,1
70,4.0,4.151878519188032,1
74,4.0,4.203173404306136,1
73,-1.0,4.140393356054097,1
72,-1.0,4.140393356054097,1
76,4.0,2.5071326821119886,1
78,2.0,2.2360679774997374,1
70,-8.0,4.391550328268372,1
69,-1.0,4.140393356054097,1
50,-19.0,7.8072005835882505,2
69,19.0,11.588171308956131,0
62,-7.0,11.844227044670921,0
61,-1.0,11.610750355146026,0
63,2.0,11.610750355146026,0
70,7.0,11.73314393786535,0
75,5.0,11.86631888200901,0
75,0.0,8.16204922914873,1
77,2.0,4.525062483125536,1
77,0.0,2.9113897843109626,1
76,-1.0,2.9113897843109626,1
76,0.0,3.023715784073778,1
84,8.0,3.3166247903553634,1
75,-9.0,4.999999999999976,1
75,0.0,4.999999999999976,1
75,0.0,4.923220007078193,1
73,-2.0,4.961758520831841,1
71,-2.0,4.990467102863385,1
72,1.0,5.028490259085131,1
72,0.0,3.401680257083011,1
70,-2.0,1.2535663410559235,1
76,6.0,2.8535691936339833,1
68,-8.0,4.203173404306136,1
60,-8.0,4.980915960897511,1
44,-16.0,7.312741652498757,2
72,28.0,14.189197769195168,0
54,-18.0,15.735915849388856,0
49,-5.0,15.758595538097078,0
44,-5.0,15.251853907608984,0
44,0.0,15.251853907608984,0
46,2.0,15.220600075774493,0
43,-3.0,13.969354213522434,0
47,4.0,7.230886134196427,1
46,-1.0,3.436498771936878,2
50,4.0,3.436498771936877,1
48,-2.0,2.8199966227605318,2
50,2.0,2.8535691936339997,1
54,4.0,3.07834216359883,1
51,-3.0,3.07834216359883,1
47,-4.0,3.3166247903553776,2
44,-3.0,3.49829890633935,2
49,5.0,3.7161167647860127,1
55,6.0,4.242640687119268,1
49,-6.0,4.947341758580089,2
50,1.0,4.649628761422515,1
49,-1.0,4.535573676110711,1
25,-24.0,10.123052428797864,0
21,-4.0,10.127755357009194,0
10,-11.0,9.744351233016019,2
16,6.0,9.744351233016019,0
20,4.0,10.383136511166732,0
26,6.0,10.952277432222981,0
33,7.0,11.643514442445134,0
15,-18.0,9.86335208160563,2
20,5.0,10.056980518170302,0
25,5.0,8.933617621631434,2
34,9.0,9.216961590045866,0
28,-6.0,9.719886340703288,0
27,-1.0,9.49435922760757,0
20,-7.0,9.281317640446156,2
24,4.0,6.074928962939548,2
34,10.0,6.831300510639723,2
45,11.0,7.603257447273746,1
27,-18.0,10.327955589886438,0
46,19.0,12.42118006816237,0
30,-16.0,14.292855358035151,0
32,2.0,13.912994953331523,0
34,2.0,13.878726440817525,0
32,-2.0,13.375528471980527,0
49,17.0,14.374249462808395,0
31,-18.0,14.374249462808395,0
32,1.0,11.930353445448846,0
30,-2.0,10.24695076595959,0
45,15.0,11.739230119966285,0
46,1.0,11.743285822322546,0
47,1.0,11.639423975274305,0
40,-7.0,9.945087325145101,0
44,4.0,6.74360367134593,2
26,-18.0,10.123052428797862,0
32,6.0,10.419761445034545,0
34,2.0,8.303757038376109,2
34,0.0,8.260635280539569,2
44,10.0,9.378293072429587,0
25,-19.0,11.610750355146028,0
28,3.0,11.528432760126666,0
30,2.0,9.235026490796553,0
34,4.0,9.068522219088127,0
23,-11.0,9.947481136065589,0
24,1.0,9.980934205726808,0
18,-6.0,8.673989580239017,2
39,21.0,9.99999999999999,0
25,-14.0,11.645559137244009,0
43,18.0,13.606721028332174,0
45,2.0,13.57518744937668,0
31,-14.0,14.076322571710872,0
38,7.0,14.247806848775,0
29,-9.0,14.570027943889267,0
30,1.0,11.828134337449912,0
33,3.0,10.4471458850184,0
32,-1.0,7.3452284479368455,2
37,5.0,7.66873678056064,2
39,2.0,5.177791402666158,2
47,8.0,5.376314900074369,1
72,25.0,8.802056036869468,1
63,-9.0,10.435744434622846,0
60,-3.0,10.838643387259784,0
65,5.0,10.625665245280489,0
61,-4.0,11.118410300894972,0
54,-7.0,11.810003830490075,0
60,6.0,11.66802713156157,0
56,-4.0,5.707138387268031,1
53,-3.0,4.928053803045788,1
67,14.0,7.5277265270907945,1
